RENT_STATION_NAME,06~09,09~12,12~15,15~18,18~21,기타
가락1동_039_1,50,24,43,61,92,46
가락1동_040_1,31,3,8,18,6,10
가락1동_048_1,34,10,6,17,40,13
가락1동_048_2,8,8,2,0,6,0
가락1동_048_3,14,15,37,27,53,22
가락1동_048_4,6,6,6,4,2,2
가락1동_048_5,46,11,14,9,13,23
가락1동_048_6,17,15,9,10,8,9
가락1동_048_7,20,8,15,16,41,30
가락2동_002_1,16,5,8,7,12,8
가락2동_007_1,22,12,14,6,38,16
가락2동_008_1,4,9,8,10,7,14
가락2동_018_1,10,2,4,14,8,14
가락2동_049_1,8,7,7,3,13,10
가락2동_061_1,18,8,12,26,24,14
가락본동_001_1,20,8,4,12,14,2
가락본동_002_1,7,14,25,26,45,9
가락본동_002_2,14,23,23,20,45,29
가락본동_007_1,14,8,6,2,16,14
가락본동_023_1,13,5,4,8,19,19
가락본동_028_1,4,6,4,14,29,13
가락본동_038_1,19,4,12,20,24,19
가락본동_043_1,20,24,15,20,21,18
가락본동_044_1,13,7,5,11,20,24
가리봉동_001_1,35,9,4,10,34,22
가산동_003_1,4,3,5,19,43,10
가산동_003_2,12,3,4,5,15,11
가산동_003_3,0,3,3,3,22,3
가산동_003_4,91,61,24,73,172,21
가산동_003_5,7,6,5,13,16,15
가산동_004_1,73,26,20,57,80,10
가산동_004_2,1,5,6,19,47,2
가산동_004_3,15,14,17,13,11,8
가산동_004_4,4,4,6,37,49,4
가산동_004_5,37,17,6,18,39,15
가산동_004_6,0,8,10,41,27,4
가산동_004_7,13,10,5,39,55,2
가산동_004_8,18,4,6,16,22,2
가산동_005_1,2,6,8,25,73,6
가산동_005_2,28,15,6,26,37,6
가산동_006_1,21,4,4,20,38,3
가산동_007_1,7,3,9,58,77,4
가산동_010_1,19,23,20,9,33,12
가산동_017_1,52,4,13,7,22,22
가산동_019_1,23,15,4,30,14,4
가산동_019_2,0,3,5,30,42,6
가산동_019_3,27,9,6,10,31,7
가산동_022_1,27,3,8,15,16,17
가산동_028_1,13,1,4,5,23,20
가양1동_001_1,25,19,14,14,45,17
가양1동_001_2,14,4,15,21,30,10
가양1동_001_3,69,13,8,31,49,22
가양1동_003_1,24,11,6,4,29,8
가양1동_003_2,0,4,1,7,17,23
가양1동_010_1,17,12,16,11,50,16
가양1동_010_3,3,4,5,9,11,0
가양1동_011_1,70,12,18,33,50,37
가양1동_012_1,3,9,8,8,8,4
가양1동_012_11,10,35,32,94,66,11
가양1동_012_12,168,68,32,110,364,174
가양1동_012_13,20,11,18,49,68,18
가양1동_012_14,8,18,21,117,50,0
가양1동_012_15,0,6,10,49,55,12
가양1동_012_16,10,69,39,141,157,2
가양1동_012_17,4,6,14,54,76,8
가양1동_012_18,2,13,12,54,104,11
가양1동_012_19,31,21,0,26,14,0
가양1동_012_3,6,19,13,88,84,2
가양1동_012_4,8,7,24,20,63,56
가양1동_012_5,51,22,28,71,62,4
가양1동_012_6,10,4,2,22,46,0
가양1동_012_7,33,36,33,198,203,39
가양1동_012_8,49,45,47,49,84,60
가양1동_012_9,8,9,13,17,1,8
가양1동_014_1,10,9,3,10,8,2
가양1동_014_2,126,43,33,62,106,60
가양1동_014_3,52,48,30,27,54,7
가양1동_014_4,2,7,9,10,10,4
가양1동_016_1,116,44,36,43,92,37
가양1동_016_2,76,60,97,95,178,128
가양1동_016_3,4,20,37,49,100,92
가양1동_016_4,45,32,39,49,77,24
가양1동_016_5,16,21,34,86,125,22
가양1동_016_6,21,8,24,38,41,52
가양1동_016_7,2,16,31,64,36,19
가양1동_016_8,148,41,59,97,130,39
가양1동_016_9,6,12,25,26,93,8
가양1동_017_1,53,49,39,38,97,74
가양1동_017_2,40,29,50,44,118,45
가양1동_018_1,298,146,139,246,286,119
가양1동_020_1,102,40,55,45,124,74
가양1동_020_2,69,17,14,35,42,33
가양1동_025_1,39,43,33,42,92,81
가양1동_027_1,8,8,19,11,24,8
가양1동_027_2,24,46,28,51,82,45
가양1동_027_3,24,20,14,23,37,10
가양1동_027_4,14,12,14,20,30,8
가양1동_028_1,15,3,5,10,6,7
가양1동_036_1,43,22,37,60,38,10
가양1동_052_1,47,13,23,24,42,27
가양2동_001_1,76,27,27,12,28,20
가양2동_001_3,31,15,19,15,20,18
가양2동_002_1,66,34,30,49,79,72
가양2동_009_1,18,10,8,3,3,4
가양2동_028_1,42,8,19,18,39,26
가양3동_001_1,9,11,19,16,33,18
가양3동_001_2,21,21,17,37,48,20
가양3동_028_1,34,26,10,27,29,34
가양3동_028_3,0,4,10,21,29,14
가회동_002_1,7,10,8,12,20,5
가회동_003_1,6,0,5,5,2,2
가회동_009_1,15,21,8,25,4,7
갈현1동_002_2,2,2,8,10,10,14
갈현1동_002_3,4,2,2,2,2,8
갈현1동_014_1,4,0,4,0,6,6
갈현2동_014_1,22,8,10,10,19,21
개봉1동_008_1,13,2,4,5,21,15
개봉1동_021_1,58,3,10,34,39,18
개봉1동_028_1,8,8,2,6,8,6
개봉1동_043_1,16,2,6,1,9,2
개봉1동_043_2,16,2,2,8,0,0
개봉1동_043_3,18,18,3,12,27,14
개봉1동_043_4,45,9,17,21,42,18
개봉1동_044_1,28,6,5,29,19,13
개봉1동_044_2,4,0,4,1,5,0
개봉1동_055_1,33,16,7,20,17,19
개봉2동_003_1,36,3,9,10,7,11
개봉2동_004_1,27,6,3,13,20,11
개봉2동_005_1,4,4,7,5,6,18
개봉2동_030_1,24,4,0,10,23,15
개봉3동_029_1,21,17,3,10,13,16
개포1동_001_1,10,2,4,0,6,2
개포1동_001_2,32,1,5,13,17,4
개포1동_009_1,14,7,2,1,5,15
개포2동_003_1,2,4,1,5,10,6
개포2동_003_2,20,15,4,10,20,5
개포2동_003_3,0,3,3,0,2,0
개포2동_003_4,9,1,2,6,16,2
개포2동_004_1,19,9,4,5,15,8
개포2동_004_2,9,6,9,12,6,4
개포2동_019_1,10,2,0,12,2,14
개포2동_025_1,21,18,19,32,28,16
개포2동_025_2,10,6,2,12,14,6
개포2동_038_1,6,0,0,0,6,4
개포2동_045_1,14,6,8,13,9,0
개포3동_002_1,25,17,10,20,35,19
개포3동_006_1,27,10,14,22,46,15
개포3동_028_1,49,19,15,21,31,15
개포4동_014_1,26,14,13,16,30,17
개포4동_017_1,2,0,2,2,0,2
개포4동_029_1,44,22,20,45,54,13
개포4동_034_1,18,2,0,13,8,11
개포4동_036_1,10,2,0,2,6,0
개포4동_038_1,10,2,0,0,2,8
개포4동_045_1,8,4,0,2,7,5
개포4동_048_1,10,0,2,2,2,8
거여1동_002_1,29,9,5,8,7,0
거여1동_012_1,10,7,1,1,0,3
거여1동_019_1,31,20,6,17,42,22
거여1동_020_1,8,4,0,2,2,2
거여1동_021_1,23,15,13,17,47,25
거여1동_027_1,10,0,2,5,17,14
거여2동_004_1,10,16,23,32,36,19
거여2동_006_1,2,4,4,5,4,5
거여2동_017_1,14,4,4,4,19,9
거여2동_027_1,3,0,10,4,3,6
고덕1동_004_1,34,6,6,8,14,6
고덕1동_005_1,14,4,8,8,2,10
고덕1동_005_3,4,2,4,10,10,10
고덕1동_012_1,13,13,18,15,11,12
고덕1동_013_1,15,9,0,12,16,8
고덕1동_019_1,10,7,3,6,17,13
고덕1동_035_1,18,1,6,3,1,3
고덕1동_039_1,18,0,0,1,1,2
고덕1동_042_1,6,14,4,4,11,7
고덕1동_054_1,13,5,1,5,8,20
고덕1동_056_1,4,8,4,4,2,2
고덕1동_060_1,8,1,6,5,3,7
고덕1동_064_1,20,2,2,7,5,4
고덕1동_065_1,9,7,4,1,9,4
고덕1동_073_1,5,3,3,12,8,3
고덕1동_073_2,21,15,20,24,38,16
고덕1동_080_1,7,5,0,4,0,2
고덕1동_093_1,17,5,3,11,10,4
고덕1동_095_1,13,7,4,7,9,0
고덕1동_102_1,11,9,4,17,9,10
고덕2동_001_2,9,23,17,23,14,22
고덕2동_003_2,0,7,28,67,49,1
고덕2동_003_3,1,4,12,34,24,5
고덕2동_005_1,6,3,7,10,4,2
고덕2동_005_2,4,4,0,6,3,15
고덕2동_034_1,44,19,13,19,57,32
고척1동_001_1,14,8,2,6,2,8
고척1동_001_2,41,26,49,58,80,180
고척1동_009_1,17,3,8,13,17,16
고척1동_023_1,33,13,29,41,34,40
고척1동_023_2,48,4,0,16,18,14
고척1동_027_1,9,3,17,17,32,12
고척1동_042_1,22,12,25,21,32,38
고척2동_002_1,40,11,4,24,33,34
고척2동_016_1,22,19,17,22,34,20
공덕동_002_1,18,14,4,2,4,2
공덕동_007_1,14,10,10,3,7,4
공덕동_009_1,27,18,13,15,43,18
공덕동_009_2,9,10,8,14,17,8
공덕동_011_1,41,9,6,18,27,21
공덕동_013_1,6,16,21,13,7,7
공덕동_061_1,8,0,0,0,0,0
공릉1동_011_1,8,6,2,9,14,9
공릉1동_016_1,40,79,40,38,109,64
공릉1동_031_1,23,30,53,59,112,91
공릉1동_034_1,10,0,0,0,0,8
공릉1동_040_1,11,17,18,12,17,17
공릉1동_040_2,14,12,37,26,51,54
공릉1동_042_1,15,19,22,42,68,46
공릉1동_045_1,18,7,11,24,33,31
공릉1동_049_1,51,28,48,37,37,37
공릉1동_059_1,36,1,3,10,15,3
공릉1동_061_1,41,6,13,21,8,1
공릉1동_064_1,18,12,4,2,5,1
공릉1동_070_1,18,22,6,22,14,18
공릉2동_002_1,7,11,8,10,3,3
공릉2동_002_2,2,4,5,27,14,4
공릉2동_002_3,0,0,0,3,1,0
공릉2동_002_4,1,1,0,2,0,0
공릉2동_002_5,2,0,2,2,6,2
공릉2동_002_7,2,0,3,2,1,0
공릉2동_016_1,14,10,11,34,11,12
공릉2동_020_1,19,16,17,40,28,16
공릉2동_027_1,16,6,4,15,13,8
공릉2동_029_1,6,6,2,1,5,4
공릉2동_029_2,34,24,18,47,47,28
공릉2동_044_1,5,18,14,31,34,28
공릉2동_044_3,19,34,50,51,89,81
공릉2동_064_1,13,3,3,6,14,13
공항동_004_1,38,10,26,34,70,56
공항동_004_2,14,5,9,15,37,30
공항동_005_1,31,4,3,6,4,8
공항동_005_2,12,4,2,2,12,6
공항동_007_1,4,4,4,8,14,18
공항동_009_1,19,24,11,23,7,6
공항동_009_2,1,2,5,5,17,6
공항동_028_1,16,6,17,34,37,28
공항동_030_1,112,45,23,35,31,24
공항동_037_1,32,27,33,40,33,37
공항동_037_2,12,12,23,14,21,16
공항동_038_1,54,29,14,16,16,15
공항동_044_1,64,8,6,30,25,19
공항동_049_1,16,5,1,18,24,12
공항동_057_1,124,15,19,29,42,19
공항동_060_1,169,65,29,56,61,28
광장동_004_1,0,0,4,2,0,0
광장동_013_1,2,4,12,37,28,17
광장동_013_2,21,8,16,29,44,26
광장동_015_1,2,5,1,2,2,12
광장동_038_1,48,9,8,17,16,22
광장동_040_1,11,12,5,2,2,2
광장동_041_1,20,5,13,27,9,16
광장동_046_1,21,24,10,34,44,37
광희동_001_1,4,4,10,22,10,28
광희동_001_2,7,21,17,41,66,28
광희동_001_3,18,9,19,29,17,10
광희동_001_4,4,14,19,43,20,30
광희동_001_5,9,17,20,18,49,23
광희동_002_1,17,19,10,7,34,9
광희동_006_1,13,6,15,25,29,20
광희동_007_1,7,7,10,12,10,8
광희동_009_1,7,8,17,12,18,6
교남동_010_1,36,8,1,9,11,17
교남동_015_1,25,17,6,2,10,0
교남동_015_2,32,0,2,13,29,4
구로1동_001_1,27,23,8,12,54,2
구로1동_002_1,38,14,7,18,23,12
구로1동_003_1,69,6,13,20,56,36
구로1동_009_1,28,12,14,15,38,27
구로1동_019_1,6,4,0,3,3,2
구로1동_028_1,53,32,19,22,35,15
구로2동_001_1,26,8,8,22,28,12
구로2동_001_2,4,2,12,12,8,6
구로2동_001_3,3,13,7,52,3,8
구로2동_001_4,6,4,2,2,2,2
구로2동_001_5,0,4,4,51,39,4
구로2동_001_6,29,15,14,65,30,7
구로2동_011_1,10,14,8,38,47,9
구로2동_022_1,20,8,1,9,12,4
구로2동_033_1,7,1,0,1,5,0
구로2동_033_2,13,2,4,8,12,7
구로3동_006_1,10,16,45,69,97,29
구로3동_014_1,28,19,20,17,65,29
구로3동_034_1,106,47,59,80,175,81
구로3동_034_2,11,30,19,23,75,40
구로3동_037_1,28,23,14,43,20,8
구로3동_037_2,2,17,17,58,114,6
구로4동_002_1,22,18,7,12,25,6
구로4동_002_2,34,30,28,52,75,35
구로4동_007_1,25,4,13,11,14,17
구로4동_024_1,11,3,4,11,20,7
구로5동_001_1,37,24,15,29,81,18
구로5동_001_2,17,21,18,17,68,29
구로5동_001_3,43,31,42,77,126,17
구로5동_005_1,51,9,5,12,12,25
구로5동_006_1,21,14,18,12,38,19
구로5동_016_1,8,8,20,35,28,49
구로5동_016_2,43,16,34,51,62,36
구로5동_029_1,19,9,6,8,29,5
구로5동_038_1,34,18,13,33,23,31
구로5동_039_1,54,20,22,45,67,26
구로5동_040_1,49,45,57,63,64,24
구로5동_040_2,20,0,12,12,19,13
구로5동_050_1,29,10,13,23,26,19
구산동_029_1,10,13,17,16,29,29
구산동_043_1,12,8,30,26,16,22
구산동_060_1,16,3,5,12,9,3
구의1동_004_1,57,31,16,20,36,16
구의1동_008_1,91,38,28,42,46,39
구의1동_011_1,18,15,35,25,48,43
구의2동_004_1,25,9,3,6,14,13
구의2동_007_1,26,12,7,10,15,22
구의2동_031_1,32,29,4,7,8,12
구의2동_035_1,44,33,28,31,34,44
구의2동_045_1,20,4,5,8,5,12
구의2동_049_1,51,19,6,22,40,38
구의3동_001_3,6,9,9,33,69,26
구의3동_001_4,14,24,24,25,61,52
구의3동_004_2,6,8,3,5,14,16
구의3동_006_1,56,9,5,20,19,19
구의3동_009_2,19,6,4,7,37,19
구의3동_009_3,0,0,4,6,4,6
구의3동_021_1,22,12,37,33,27,61
구의3동_044_1,38,25,32,56,72,73
구의3동_048_1,12,11,6,17,13,17
구의3동_051_1,4,4,0,7,5,2
군자동_003_1,71,42,17,52,52,12
군자동_012_1,36,1,11,22,24,62
군자동_014_2,0,5,13,18,21,7
군자동_014_4,7,10,10,18,17,22
군자동_014_5,13,23,54,47,15,20
군자동_017_1,35,12,6,7,27,9
군자동_023_1,38,11,5,12,33,15
군자동_032_1,84,44,29,33,54,52
군자동_032_2,76,36,20,40,51,61
군자동_035_1,82,42,32,40,118,86
군자동_035_2,12,8,14,26,32,50
금호1가동_011_1,9,10,3,0,4,6
"금호2,3가동_014_1",4,6,0,6,2,8
"금호2,3가동_016_1",5,3,4,4,9,3
"금호2,3가동_033_1",10,2,2,12,4,2
"금호2,3가동_041_1",13,1,8,10,5,3
금호4가동_002_1,9,9,6,11,15,0
금호4가동_002_2,0,0,2,4,10,0
금호4가동_005_1,2,2,0,6,4,4
금호4가동_007_1,2,2,0,0,2,8
금호4가동_019_1,18,9,12,26,25,12
길동_012_1,38,36,39,58,75,64
길동_012_2,42,45,47,49,85,48
길동_027_1,20,18,7,10,22,25
길동_032_1,26,4,13,2,1,0
길동_032_2,9,9,5,8,14,11
길동_044_1,38,26,16,30,34,26
길동_053_1,11,3,4,2,4,2
길동_059_1,56,15,12,23,36,16
길음1동_016_1,0,1,1,4,0,2
길음1동_024_1,16,5,0,8,9,14
길음1동_041_1,13,0,0,4,4,3
길음1동_057_1,20,2,0,7,14,7
길음1동_065_1,12,8,2,0,18,4
길음1동_072_2,13,10,9,12,18,28
길음2동_001_1,2,0,2,0,2,2
길음2동_002_2,4,6,11,5,12,2
길음2동_030_1,16,6,8,3,11,14
낙성대동_001_2,2,2,5,11,6,6
낙성대동_001_3,0,0,0,2,0,2
낙성대동_002_1,18,11,5,2,6,12
낙성대동_002_2,0,2,2,2,5,7
낙성대동_002_3,0,2,4,4,7,7
낙성대동_003_1,0,2,0,2,4,6
낙성대동_003_2,8,8,10,5,12,9
낙성대동_014_1,6,6,8,4,16,12
낙성대동_016_1,6,9,16,22,30,15
낙성대동_031_1,6,4,4,2,6,10
낙성대동_032_1,4,6,2,2,6,12
난곡동_008_1,32,7,12,13,23,21
난향동_025_1,15,7,3,10,5,8
남가좌1동_008_1,9,2,10,9,16,22
남가좌1동_014_1,41,31,31,34,45,12
남가좌1동_015_1,21,26,13,13,21,16
남가좌1동_016_1,4,4,2,0,12,8
남가좌1동_016_2,74,7,18,28,15,8
남가좌1동_019_1,56,11,6,7,10,6
남가좌1동_020_1,29,17,9,10,12,9
남가좌2동_016_1,20,2,8,19,12,9
남가좌2동_018_2,33,16,29,38,14,34
남가좌2동_021_1,26,13,15,24,25,23
남영동_001_1,4,0,8,5,18,5
남영동_001_2,2,8,12,8,12,8
남영동_003_1,8,10,20,21,14,27
남영동_003_2,14,6,0,8,13,7
남영동_003_3,23,9,12,18,27,35
남영동_004_1,12,8,9,14,24,11
남영동_009_1,16,12,2,9,11,20
남현동_008_1,6,4,5,3,15,19
남현동_019_1,15,9,9,3,22,30
내곡동_001_1,4,15,36,62,24,5
내곡동_001_2,6,4,2,4,10,2
내곡동_002_1,0,0,0,2,2,0
내곡동_002_2,2,4,2,2,0,2
내곡동_002_4,0,2,0,2,0,0
내곡동_004_1,2,1,3,0,2,2
내곡동_004_2,6,4,4,2,0,2
내곡동_005_2,2,0,0,0,0,0
내곡동_005_3,2,1,3,4,4,0
내곡동_006_1,18,5,9,9,11,0
내곡동_006_2,2,4,0,6,2,2
내곡동_006_3,30,16,12,39,59,20
내곡동_007_1,2,0,2,3,3,0
내곡동_007_2,0,0,2,0,0,0
내곡동_007_3,25,3,11,17,22,2
내곡동_009_1,14,4,4,12,6,4
내곡동_031_1,22,4,2,15,9,2
노량진1동_001_1,7,5,14,16,26,24
노량진1동_001_3,40,14,26,45,59,58
노량진1동_001_5,12,15,10,13,27,29
노량진1동_015_1,9,6,5,15,19,24
노량진1동_016_1,17,14,25,11,26,27
노량진1동_019_1,41,15,16,13,8,15
노량진1동_023_1,0,0,2,0,0,2
노량진2동_003_1,6,9,16,20,20,19
노량진2동_020_1,29,30,37,33,50,77
녹번동_006_1,10,8,7,8,16,3
녹번동_021_1,12,7,11,11,24,9
녹번동_029_1,11,28,38,33,20,18
녹번동_043_1,33,6,16,36,32,21
녹번동_048_1,0,0,2,0,8,0
녹번동_048_2,2,0,1,6,7,4
녹번동_048_3,2,4,2,4,19,3
녹번동_060_1,10,7,11,5,20,9
녹번동_062_1,2,2,4,5,2,7
논현1동_001_1,3,5,2,6,18,8
논현1동_003_1,4,0,4,3,18,9
논현1동_003_2,6,15,9,5,9,10
논현1동_006_1,0,7,7,2,8,4
논현1동_006_2,11,19,24,16,33,7
논현1동_017_1,14,4,8,23,27,16
논현2동_002_1,2,5,5,11,12,5
논현2동_002_2,2,0,2,9,19,4
논현2동_006_1,0,6,3,10,19,4
논현2동_011_1,7,5,8,13,13,2
논현2동_018_1,10,8,2,4,4,6
논현2동_020_1,4,8,4,2,9,3
논현2동_022_1,19,12,17,15,35,6
논현2동_035_1,3,3,6,5,11,4
논현2동_036_1,2,8,9,11,21,11
논현2동_038_1,6,8,4,10,21,11
논현2동_042_1,8,6,2,9,16,7
능동_002_1,18,16,9,22,11,18
능동_002_2,11,24,11,17,17,6
능동_002_3,41,22,13,18,37,11
능동_002_4,35,16,21,35,29,20
능동_002_5,60,24,8,40,64,40
능동_002_6,33,28,34,31,32,28
다산동_016_1,5,7,10,11,5,6
다산동_017_1,2,0,4,2,0,0
답십리1동_006_1,43,27,8,17,35,32
답십리1동_009_1,39,13,9,14,26,11
답십리1동_025_1,58,44,46,46,73,41
답십리1동_028_1,29,1,4,12,9,27
답십리1동_041_1,48,14,9,18,16,17
답십리1동_058_1,43,35,33,38,57,44
답십리2동_004_1,24,10,3,5,10,16
답십리2동_017_1,10,7,9,12,10,12
답십리2동_018_1,82,20,28,18,51,41
당산1동_003_1,34,22,14,18,63,35
당산1동_006_1,40,13,22,20,43,30
당산1동_009_1,50,24,47,51,110,46
당산1동_014_1,142,69,95,114,202,90
당산1동_020_1,24,18,12,16,14,12
당산1동_028_1,8,26,12,33,15,6
당산1동_028_2,4,10,12,13,27,18
당산1동_038_1,15,20,18,24,37,26
당산2동_001_1,71,23,15,34,39,14
당산2동_001_2,42,12,28,26,39,25
당산2동_001_3,41,31,37,49,104,38
당산2동_001_4,25,33,13,30,30,15
당산2동_003_1,92,39,35,43,144,45
당산2동_003_2,17,20,19,43,62,61
당산2동_017_1,88,51,26,23,71,33
당산2동_025_1,94,28,52,55,127,48
당산2동_037_1,62,19,22,33,29,31
당산2동_039_1,59,28,26,31,48,34
당산2동_052_1,61,35,36,59,185,106
당산2동_057_1,100,44,43,33,48,18
당산2동_065_1,49,23,9,15,20,12
대림1동_013_1,8,2,1,12,6,11
대림1동_015_1,20,14,10,29,9,18
대림2동_011_1,7,3,17,15,21,13
대림2동_016_1,16,3,11,11,19,8
대림3동_001_1,22,12,2,4,4,0
대림3동_017_1,40,20,22,38,19,7
대림3동_019_1,30,10,5,4,30,27
대림3동_020_1,17,8,3,19,10,15
대림3동_030_1,27,17,14,20,17,19
대림3동_036_1,5,4,7,8,14,8
대방동_007_1,4,5,3,0,4,0
대방동_007_2,8,0,3,3,0,6
대방동_018_1,26,9,6,13,17,13
대방동_022_1,10,8,6,10,6,16
대방동_028_2,4,4,2,6,2,4
대방동_031_1,21,3,11,13,14,20
대방동_031_2,24,17,17,17,31,32
대방동_033_1,19,14,6,13,52,28
대방동_033_2,14,5,12,10,23,14
대조동_014_1,4,4,5,5,16,10
대조동_020_1,14,9,30,41,57,75
대치1동_010_1,8,3,11,14,29,19
대치1동_015_1,8,9,2,8,6,5
대치1동_023_1,4,4,11,5,12,10
대치2동_001_3,4,15,22,51,71,11
대치2동_001_4,0,0,2,12,24,2
대치2동_008_1,0,4,4,10,14,16
대치2동_010_1,10,15,15,64,83,19
대치2동_012_1,4,0,0,5,5,10
대치2동_019_1,27,7,10,17,23,12
대치2동_024_1,13,8,12,25,39,19
대치2동_036_1,12,3,4,14,23,12
대치2동_036_2,2,10,10,10,20,26
대치2동_046_1,8,6,2,2,3,3
대치2동_051_1,4,7,7,9,29,32
대치2동_052_1,30,12,20,10,17,11
대치2동_053_2,10,6,4,2,2,6
대치2동_058_1,2,4,4,8,4,4
대치4동_001_1,14,14,22,35,46,13
대치4동_011_1,6,8,15,31,25,17
대치4동_014_1,8,0,11,17,8,26
대학동_002_1,0,4,7,20,23,14
대학동_014_1,8,13,3,10,23,7
대학동_015_1,0,0,8,4,6,4
대학동_020_1,0,0,10,13,24,13
대학동_022_1,13,6,8,6,16,17
대흥동_004_2,32,12,12,14,28,14
대흥동_007_1,16,10,11,18,12,9
대흥동_008_2,18,12,18,17,14,7
대흥동_013_1,2,7,7,4,5,9
대흥동_013_2,11,3,5,5,16,10
대흥동_014_1,14,7,11,23,16,17
대흥동_029_1,19,10,8,13,39,17
대흥동_029_2,11,11,10,28,35,23
대흥동_030_1,2,4,2,4,5,3
도곡1동_004_1,10,6,12,0,11,3
도곡1동_004_2,31,16,16,22,46,23
도곡1동_006_1,4,6,7,22,13,8
도곡1동_012_1,7,3,11,17,32,4
도곡1동_013_1,13,12,13,10,21,19
도곡1동_029_1,24,11,6,26,42,37
도곡1동_032_1,6,1,9,0,6,4
도곡2동_001_1,9,7,5,15,28,10
도곡2동_004_1,8,4,6,6,4,2
도곡2동_005_1,15,7,8,7,23,12
도곡2동_029_1,10,9,4,7,5,1
도곡2동_045_1,17,47,15,22,36,11
도곡2동_048_1,6,8,6,2,18,8
도곡2동_052_1,10,4,6,10,7,21
도림동_002_1,32,10,11,36,67,56
도림동_002_2,32,18,8,9,7,10
도림동_002_3,33,5,9,8,15,8
도림동_003_1,38,11,9,15,19,10
도림동_018_1,26,2,8,14,21,11
도봉1동_003_1,2,2,3,1,0,2
도봉1동_009_1,3,8,7,10,6,0
도봉1동_011_2,0,0,6,1,9,0
도봉1동_011_5,0,0,10,19,5,0
도봉1동_026_1,6,9,11,6,10,6
도봉1동_030_1,15,3,10,17,17,20
도봉1동_034_1,2,8,6,12,11,15
도봉1동_039_1,10,16,16,8,11,7
도봉2동_001_1,2,12,17,27,15,13
도봉2동_001_3,1,3,0,12,7,7
도봉2동_001_4,15,13,17,28,32,23
도봉2동_001_5,4,11,1,17,10,13
도봉2동_014_1,14,29,12,27,15,7
도봉2동_031_1,2,5,4,11,7,5
도봉2동_031_2,6,4,9,17,11,9
도화동_004_1,39,26,33,51,113,38
독산1동_010_1,10,0,4,5,12,9
독산1동_011_1,11,3,2,6,3,5
독산1동_012_1,6,10,4,2,0,2
독산1동_012_2,6,0,4,4,4,0
독산1동_018_1,6,3,3,4,4,0
독산1동_018_2,16,6,0,0,2,4
독산1동_020_1,22,0,0,2,0,2
독산1동_021_2,16,6,10,15,16,7
독산1동_026_2,6,0,0,2,4,10
독산1동_026_3,51,17,11,14,34,27
독산1동_026_4,37,15,12,36,43,25
독산1동_033_1,31,23,17,21,31,15
독산1동_035_1,30,10,8,12,15,7
독산1동_039_1,20,0,2,6,4,12
독산1동_040_1,30,6,6,2,6,10
독산1동_042_1,18,14,6,9,7,10
독산1동_045_1,23,14,17,20,14,22
독산1동_046_1,72,27,13,24,62,26
독산1동_051_1,28,10,14,12,12,10
독산1동_056_1,44,14,6,10,10,4
독산1동_070_1,16,2,0,10,8,2
독산1동_086_1,16,0,0,7,9,6
독산2동_005_1,10,5,3,0,5,1
독산2동_025_1,12,5,4,5,2,2
독산3동_004_1,20,2,4,8,15,3
독산3동_026_1,24,4,6,8,7,5
독산3동_037_1,24,5,16,12,16,11
독산3동_048_1,18,14,6,8,12,12
독산4동_002_1,25,0,4,12,19,16
독산4동_017_1,4,0,0,0,2,2
돈암1동_003_1,1,1,1,3,0,0
돈암1동_015_1,4,4,4,6,10,0
돈암1동_018_1,6,4,0,6,4,4
돈암2동_037_1,0,0,1,5,11,3
동선동_007_1,20,4,16,12,19,23
동선동_021_1,4,4,2,2,4,6
동선동_024_1,11,9,7,14,22,11
동선동_028_1,25,20,32,36,31,46
동화동_002_1,11,22,17,28,28,26
동화동_011_1,32,18,7,25,21,23
둔촌1동_001_2,56,27,13,40,37,43
둔촌1동_001_3,6,0,0,2,4,4
둔촌1동_001_4,49,33,27,42,45,20
둔촌2동_003_1,30,9,1,18,13,7
둔촌2동_003_2,6,0,0,4,2,2
둔촌2동_004_1,13,23,10,21,23,18
둔촌2동_013_1,8,5,9,34,8,6
둔촌2동_020_1,2,2,12,14,4,4
둔촌2동_026_1,41,27,22,49,56,47
둔촌2동_032_1,40,9,13,12,23,27
둔촌2동_041_1,55,17,0,21,26,27
등촌1동_003_1,52,35,55,91,130,43
등촌1동_012_1,44,36,39,51,128,30
등촌1동_016_1,18,10,16,15,31,24
등촌1동_019_1,22,9,11,26,27,17
등촌1동_025_1,64,19,32,53,64,46
등촌1동_026_1,37,8,14,19,51,15
등촌1동_033_1,45,26,23,67,78,39
등촌1동_043_1,44,15,17,69,39,28
등촌2동_010_1,49,29,22,44,40,30
등촌2동_020_1,19,13,16,19,12,9
등촌2동_026_1,38,5,12,32,34,29
등촌2동_029_1,8,12,10,10,0,0
등촌2동_034_1,29,15,6,24,16,12
등촌3동_001_1,116,42,62,78,86,88
등촌3동_001_4,26,9,19,20,30,20
등촌3동_001_5,36,23,23,41,76,23
등촌3동_002_1,54,45,34,61,104,62
등촌3동_003_1,63,42,18,17,24,28
등촌3동_003_2,49,42,29,33,45,36
등촌3동_059_1,40,21,18,40,37,22
등촌3동_064_1,60,29,28,58,112,69
마장동_007_1,3,1,9,11,5,7
마장동_007_2,11,8,12,22,26,9
마장동_007_3,18,12,14,60,34,0
마장동_010_1,22,5,16,13,31,13
마장동_011_1,2,4,2,0,5,5
마장동_014_1,19,15,3,5,15,11
마장동_014_2,15,12,13,12,14,14
마장동_017_1,0,0,0,4,16,6
마장동_019_1,44,40,43,84,154,79
마장동_022_1,20,5,5,5,8,13
마천1동_020_1,0,0,0,2,2,2
마천1동_021_1,4,0,0,5,13,2
마천1동_022_1,10,2,2,5,7,4
마천1동_025_1,7,12,4,2,2,5
마천2동_004_1,36,17,5,4,6,16
마천2동_019_1,2,2,14,10,8,2
마천2동_021_1,21,10,11,13,11,10
마천2동_031_1,1,0,2,2,5,6
망우3동_002_1,20,4,24,10,24,18
망우본동_001_1,4,5,3,8,4,18
망우본동_001_2,4,2,8,8,14,14
망우본동_001_3,9,11,2,7,13,8
망우본동_001_4,0,4,7,7,6,4
망우본동_003_1,5,4,1,4,6,0
망우본동_003_2,6,1,1,28,12,4
망우본동_003_3,7,1,0,0,8,2
망우본동_004_1,17,7,7,9,11,13
망우본동_025_1,10,3,9,24,4,2
망우본동_031_1,20,17,26,15,31,27
망우본동_039_1,16,3,14,7,5,15
망우본동_060_1,31,21,13,22,28,35
망원1동_005_1,38,84,81,130,204,217
망원1동_005_2,7,2,13,22,28,14
망원1동_024_1,14,26,34,53,63,38
망원2동_022_1,29,25,29,29,50,36
면목2동_013_1,31,12,17,21,44,33
면목2동_026_1,38,20,8,29,44,39
"면목3,8동_015_1",8,2,8,15,13,14
"면목3,8동_026_1",28,15,12,8,18,9
"면목3,8동_028_1",8,2,6,32,2,10
"면목3,8동_044_1",6,8,17,45,10,14
면목4동_002_1,2,0,3,3,7,3
면목4동_009_1,8,2,4,8,7,7
면목4동_020_1,28,17,2,16,11,16
면목4동_025_1,10,2,6,6,4,6
면목4동_036_1,8,5,5,12,19,5
면목5동_001_1,15,1,7,11,21,9
면목5동_008_1,20,16,16,16,29,29
면목5동_019_1,27,11,11,6,12,9
면목5동_030_1,4,2,0,6,0,2
면목5동_030_2,2,7,5,6,6,2
면목5동_030_3,9,3,3,17,11,21
면목5동_030_4,18,4,6,15,15,14
면목7동_013_1,9,7,4,9,15,10
면목7동_033_1,6,0,0,12,12,4
면목7동_043_1,8,4,2,8,14,8
면목본동_011_1,30,22,27,46,76,39
면목본동_016_1,9,3,8,2,9,19
면목본동_062_1,12,9,8,15,19,19
명동_001_1,17,18,38,32,26,7
명동_001_10,18,29,26,26,71,14
명동_001_11,16,20,13,41,34,0
명동_001_13,6,20,20,53,50,3
명동_001_15,5,1,13,9,20,6
명동_001_16,26,7,13,4,44,18
명동_001_17,3,5,10,10,14,0
명동_001_19,4,7,13,6,12,4
명동_001_2,11,3,13,31,44,4
명동_001_20,24,11,18,19,33,21
명동_001_22,22,24,33,39,71,31
명동_001_3,11,26,24,44,24,5
명동_001_4,8,15,39,33,19,10
명동_001_5,8,10,6,8,8,2
명동_001_8,10,23,15,38,44,8
명동_001_9,5,21,15,19,18,2
명동_003_1,6,11,13,11,27,2
명일1동_007_1,13,10,9,8,12,8
명일1동_008_1,19,10,20,23,23,19
명일1동_021_1,34,18,20,22,28,14
명일1동_028_1,7,2,2,2,12,13
명일2동_003_2,20,15,12,42,40,23
명일2동_008_2,3,1,2,13,10,17
명일2동_009_1,17,6,5,13,28,31
명일2동_009_2,4,6,10,36,18,4
명일2동_024_1,36,5,3,21,13,8
목1동_003_1,18,0,18,5,11,0
목1동_003_2,9,9,12,22,31,49
목1동_003_3,11,6,5,16,27,31
목1동_003_5,34,24,42,68,120,104
목1동_003_6,8,4,2,11,7,6
목1동_005_2,12,11,12,37,64,32
목1동_006_1,24,24,41,48,82,31
목1동_006_2,36,29,48,90,169,40
목1동_010_1,15,3,11,15,16,20
목1동_010_2,57,22,29,37,106,95
목1동_015_1,38,19,31,37,57,48
목1동_031_1,15,51,56,88,102,76
목1동_037_1,46,6,39,39,91,39
목1동_037_2,53,28,34,49,111,49
목1동_042_1,32,24,21,38,41,42
목1동_045_1,46,30,33,71,108,50
목2동_006_1,24,14,10,15,33,26
목2동_006_2,33,4,8,13,37,21
목3동_027_1,22,15,16,17,14,10
목3동_027_2,14,0,5,8,11,10
목3동_034_1,32,2,4,9,19,10
목4동_007_1,35,9,4,6,16,16
목4동_014_1,40,10,19,20,33,26
목4동_016_1,44,18,2,15,34,25
목4동_036_1,94,11,30,69,54,48
목4동_050_1,14,6,13,15,13,13
목5동_002_1,35,41,52,73,94,33
목5동_002_2,13,10,17,86,12,20
목5동_002_3,12,12,29,26,37,40
목5동_002_4,11,2,10,9,14,8
목5동_005_1,86,6,17,41,15,23
목5동_008_1,10,10,30,61,74,81
목5동_013_1,36,12,8,16,18,8
목5동_016_1,12,6,12,10,29,47
목5동_023_1,55,36,33,50,33,39
목5동_028_1,34,16,30,26,47,59
목5동_035_1,56,8,13,20,24,21
목5동_051_1,34,16,25,27,41,33
목5동_059_1,87,9,21,39,26,26
목5동_063_1,31,19,14,94,29,27
무악동_001_1,0,0,0,0,4,4
무악동_001_2,24,0,0,2,0,2
무악동_016_1,12,2,4,16,8,14
묵1동_003_1,18,3,9,81,37,30
묵1동_003_2,7,6,13,12,6,2
묵1동_004_1,10,4,13,9,15,21
묵1동_005_1,17,5,9,24,22,3
묵1동_010_1,26,13,11,14,18,8
묵1동_013_1,21,8,13,22,31,25
묵1동_015_1,15,13,15,18,26,25
묵1동_036_1,12,13,15,17,21,10
묵2동_007_1,6,3,17,11,22,11
묵2동_022_1,29,8,13,22,21,15
묵2동_029_1,12,13,9,20,44,26
문래동_001_1,23,8,17,29,51,28
문래동_001_2,10,12,12,18,16,20
문래동_002_1,15,24,38,52,99,24
문래동_003_1,8,10,7,8,30,29
문래동_003_2,66,31,29,61,95,48
문래동_008_1,40,17,28,48,50,61
문래동_012_1,3,4,12,13,31,7
문래동_014_1,29,16,14,9,33,29
문래동_017_1,41,16,10,23,19,19
문래동_021_1,26,14,20,47,57,50
문래동_022_1,35,18,20,33,69,21
문래동_025_1,102,33,26,48,93,40
문래동_032_1,62,12,12,16,39,21
문래동_057_1,61,20,42,68,89,34
문래동_060_1,53,19,19,27,38,14
문정1동_003_1,26,22,16,22,37,11
문정1동_003_2,58,34,50,40,96,64
문정1동_007_1,0,0,0,0,6,2
문정1동_017_1,15,21,2,8,17,19
문정1동_038_1,14,3,5,4,2,10
문정2동_002_1,54,27,39,42,104,40
문정2동_004_1,2,1,10,12,5,0
문정2동_004_2,36,16,21,36,61,2
문정2동_010_1,23,9,7,30,33,10
문정2동_011_1,10,4,14,14,25,7
문정2동_015_1,29,27,18,19,49,54
문정2동_017_1,12,6,12,11,17,8
문정2동_021_1,24,7,14,19,15,21
문정2동_024_1,0,4,2,0,2,2
문정2동_025_1,14,10,6,19,41,16
문정2동_031_1,11,14,5,12,27,9
문정2동_044_1,0,0,0,2,0,0
문정2동_044_10,2,1,3,0,2,0
문정2동_044_11,14,18,36,49,75,38
문정2동_044_3,14,19,21,91,104,19
문정2동_044_5,8,16,28,40,88,20
문정2동_044_7,8,6,4,9,24,5
문정2동_044_8,8,19,1,6,10,20
문정2동_044_9,6,4,6,5,12,5
문정2동_045_1,14,12,12,29,15,48
미성동_015_1,6,2,6,5,3,12
미성동_025_1,15,10,16,16,8,21
미아동_002_1,5,6,3,6,1,5
미아동_004_1,11,11,0,21,10,13
미아동_007_1,9,13,28,29,27,26
미아동_013_1,10,13,12,17,17,17
반포1동_001_1,0,8,3,15,4,0
반포1동_011_1,9,7,5,17,9,1
반포1동_023_1,11,6,11,14,23,23
반포1동_025_1,4,0,8,0,6,2
반포1동_036_1,12,11,9,15,32,17
반포1동_037_1,33,15,13,10,39,14
반포1동_044_1,7,2,4,10,16,9
반포1동_053_1,26,14,4,9,21,18
반포1동_057_1,12,18,15,24,19,22
반포2동_011_1,12,9,1,36,26,24
반포2동_014_1,2,6,4,10,8,8
반포2동_026_1,16,13,3,21,36,5
반포2동_028_1,11,16,9,10,8,4
반포2동_028_2,3,5,2,15,34,15
반포2동_028_3,5,5,8,30,19,9
반포3동_012_1,14,8,5,5,7,7
반포3동_015_1,10,7,21,26,20,8
반포3동_015_2,2,4,8,20,24,22
반포3동_015_3,26,21,28,39,95,61
반포3동_015_5,18,16,41,77,91,61
반포3동_024_1,36,26,20,48,95,37
반포4동_001_1,10,4,1,19,6,4
반포4동_001_2,7,9,6,12,21,23
반포4동_001_3,4,2,6,4,6,18
반포4동_013_1,0,7,7,16,8,4
반포4동_013_2,4,12,2,26,20,10
반포4동_030_1,18,10,10,8,34,14
반포본동_005_1,0,5,4,14,6,3
발산1동_001_1,46,17,27,42,65,27
발산1동_001_2,98,20,27,19,19,7
발산1동_001_3,43,10,6,39,23,17
발산1동_001_4,93,52,33,25,20,15
발산1동_004_1,2,3,7,12,5,9
발산1동_004_2,13,11,6,25,11,2
발산1동_004_3,6,15,1,49,26,3
발산1동_004_4,2,3,3,6,4,2
발산1동_007_1,32,26,23,54,27,36
발산1동_007_2,18,15,3,30,54,36
발산1동_007_4,6,5,48,27,69,35
발산1동_007_5,4,18,26,52,57,15
발산1동_030_1,69,15,22,6,25,11
발산1동_035_2,181,36,24,51,45,31
발산1동_049_1,62,48,33,32,22,15
발산1동_056_1,68,35,67,84,143,33
발산1동_056_2,49,21,43,35,84,68
발산1동_057_1,0,12,10,15,11,6
발산1동_057_2,2,2,8,23,11,2
발산1동_057_3,6,14,11,12,36,13
발산1동_057_4,87,19,29,29,28,14
발산1동_058_1,44,2,15,9,23,17
발산1동_062_1,87,25,10,16,22,6
발산1동_065_1,108,26,38,53,50,51
발산1동_071_1,42,8,8,23,30,21
방배1동_021_1,10,10,9,23,21,11
방배2동_005_1,12,7,7,13,23,14
방배2동_005_2,0,0,0,2,0,0
방배2동_013_1,12,4,20,12,41,39
방배2동_031_1,2,4,2,12,2,2
방배2동_031_3,0,4,0,4,4,0
방배2동_032_1,0,2,0,2,4,4
방배2동_033_1,4,2,3,2,8,9
방배3동_016_2,4,0,2,12,10,2
방배3동_024_1,2,0,2,2,2,0
방배3동_025_1,4,9,4,16,15,14
방배3동_026_1,0,0,0,5,7,2
방배3동_026_2,2,2,2,4,2,0
방배3동_026_3,12,4,5,10,13,2
방배3동_027_1,10,0,1,5,2,6
방배3동_029_1,4,0,4,8,5,3
방배4동_006_1,45,9,8,21,61,20
방배4동_008_1,6,10,7,11,19,15
방배4동_008_2,12,8,19,15,23,29
방배4동_008_3,12,9,7,8,11,7
방배4동_016_1,12,10,2,9,15,4
방배4동_020_1,12,2,1,9,8,8
방배4동_025_1,38,10,14,20,20,20
방배4동_032_1,23,7,18,24,44,18
방배본동_013_1,20,13,20,26,34,37
방배본동_021_1,10,4,14,17,29,18
방배본동_030_1,21,20,21,36,43,31
방배본동_031_1,20,9,7,13,56,27
방이1동_003_1,4,2,3,6,20,13
방이1동_009_1,29,21,12,27,50,73
방이1동_013_1,31,16,32,43,72,30
방이1동_015_2,21,23,24,29,27,44
방이1동_021_1,19,14,22,25,34,22
방이1동_021_2,10,2,2,3,9,0
방이2동_005_1,60,63,53,73,155,106
방이2동_006_1,49,38,48,53,86,106
방이2동_014_1,85,31,21,30,83,26
방학1동_004_1,22,10,26,30,16,16
방학1동_007_1,8,15,10,21,13,31
방학1동_013_1,10,6,4,16,12,8
방학1동_019_1,7,22,22,24,63,36
방학1동_019_2,18,11,23,35,28,15
방학1동_028_1,6,6,7,1,8,8
방학1동_030_1,6,10,27,43,58,30
방학1동_031_1,16,11,9,10,17,19
방학1동_044_1,6,2,6,4,13,13
방학1동_050_1,30,5,8,12,8,17
방학1동_053_1,11,7,10,25,14,17
방학2동_012_1,30,13,8,29,17,27
방학2동_018_1,15,2,3,13,8,7
방학2동_028_1,16,9,6,7,4,0
방학3동_001_1,10,4,1,1,2,2
방학3동_001_3,8,2,4,4,2,8
방학3동_037_1,9,4,8,4,3,6
방화1동_002_1,35,25,14,45,46,31
방화1동_008_1,73,24,16,46,33,24
방화1동_017_1,43,24,11,13,34,37
방화1동_023_1,84,26,15,17,77,21
방화1동_040_1,24,8,10,26,47,11
방화1동_040_2,38,23,44,55,102,56
방화1동_041_1,344,101,76,133,187,77
방화1동_041_4,75,40,9,29,39,30
방화1동_043_1,55,17,17,29,52,28
방화1동_048_1,18,30,3,14,14,21
방화1동_048_2,56,12,16,48,36,22
방화1동_049_1,40,14,18,38,38,12
방화1동_052_1,51,15,12,26,26,18
방화1동_077_1,38,4,15,24,23,12
방화2동_003_1,5,5,3,5,4,4
방화2동_004_1,0,0,2,2,0,0
방화2동_007_1,23,7,11,18,17,8
방화2동_007_2,2,8,1,3,15,11
방화2동_007_4,11,0,4,14,15,14
방화2동_020_1,19,2,3,12,21,25
방화2동_024_1,14,14,4,10,10,8
방화2동_046_1,47,17,16,18,35,5
방화3동_002_1,59,20,19,49,38,15
방화3동_017_1,5,8,5,3,13,16
방화3동_017_2,4,3,7,8,4,6
방화3동_020_1,42,34,33,46,43,42
방화3동_045_1,32,14,8,15,20,5
번1동_002_1,10,1,6,9,5,7
번1동_003_1,1,3,3,13,8,4
번1동_021_1,8,20,4,14,6,8
번1동_025_1,44,32,41,56,71,52
번1동_032_1,8,9,11,2,16,10
번1동_032_2,10,4,2,6,10,10
번1동_034_1,3,11,12,26,55,25
번1동_034_2,4,9,10,17,18,18
번2동_002_1,25,7,7,8,19,10
번2동_002_2,1,4,8,6,10,3
번2동_025_1,6,8,5,7,13,9
번3동_001_1,19,1,7,9,19,9
번3동_001_2,11,8,10,25,32,20
번3동_002_2,10,2,5,13,16,4
번3동_002_3,15,3,7,2,6,1
번3동_008_1,12,6,10,19,14,11
번3동_014_1,2,2,4,7,14,1
보광동_028_1,12,2,3,10,12,11
보라매동_001_1,19,7,25,29,67,39
보문동_017_1,11,3,0,0,4,4
부암동_002_1,6,0,0,1,9,2
부암동_016_2,0,0,0,1,1,0
부암동_018_1,18,4,6,10,14,4
북가좌1동_004_1,20,7,14,17,29,17
북가좌1동_004_2,19,25,27,26,64,21
북가좌1동_010_1,22,13,10,7,2,4
북가좌1동_013_1,15,11,4,15,8,11
북가좌1동_014_1,19,8,17,12,18,8
북가좌1동_017_1,16,8,13,24,29,28
북가좌1동_022_1,18,4,8,5,8,5
북가좌1동_026_1,10,8,5,11,9,7
북가좌1동_028_1,16,7,3,9,5,4
북가좌2동_007_1,19,10,18,3,6,10
북가좌2동_024_1,37,20,19,35,41,36
북가좌2동_042_1,18,26,22,21,33,30
북가좌2동_058_1,6,2,0,0,4,8
북아현동_002_1,7,13,4,12,9,7
북아현동_004_1,13,0,2,6,4,17
북아현동_005_1,6,4,2,5,6,3
북아현동_021_1,10,0,5,11,14,12
불광1동_006_1,3,1,8,2,5,5
불광1동_018_1,8,5,1,0,0,10
불광1동_018_3,2,2,8,16,30,18
불광1동_024_1,6,4,10,17,12,13
불광1동_025_1,11,5,8,12,14,10
불광1동_030_1,6,8,7,11,8,12
불광1동_047_1,13,3,2,4,5,3
불광1동_060_1,18,1,7,0,8,10
불광1동_064_1,6,3,3,2,4,2
불광2동_001_1,5,2,2,4,4,7
불광2동_008_1,2,0,0,4,0,4
불광2동_019_1,12,2,0,0,4,0
불광2동_020_1,18,8,12,15,16,27
불광2동_031_1,0,0,1,5,6,4
불광2동_042_1,10,2,1,4,6,7
사근동_002_1,37,40,27,57,54,67
사근동_006_1,14,27,20,56,80,23
사근동_006_2,4,4,9,13,16,30
사근동_007_1,12,18,23,14,29,30
사근동_008_1,8,8,6,17,28,31
사근동_022_3,6,8,5,10,11,10
사당1동_011_1,13,11,7,3,8,22
사당1동_026_1,6,8,14,11,20,13
사당1동_026_2,6,6,3,8,17,8
사당1동_032_1,19,13,8,7,22,9
사당1동_034_1,10,5,11,14,9,9
사당1동_044_1,6,6,14,18,18,18
사당2동_004_1,13,9,5,4,10,13
사당2동_005_2,28,9,11,23,45,42
사당2동_007_1,2,0,0,0,2,2
사당2동_007_2,1,3,6,20,22,12
사당2동_007_3,6,2,2,1,11,6
사당2동_052_1,6,2,4,8,11,13
사당3동_001_1,4,2,0,8,0,4
사당3동_017_1,2,0,4,0,2,2
사당3동_019_1,66,4,9,13,11,19
사당3동_031_1,41,12,5,16,14,20
사당3동_037_1,1,1,2,4,8,12
사당3동_046_1,6,0,2,15,9,6
사당5동_004_1,10,4,2,4,2,2
사직동_005_1,16,2,13,21,26,6
사직동_006_1,9,7,18,11,17,6
사직동_008_1,48,40,36,59,58,13
사직동_009_1,3,11,14,37,23,6
사직동_009_10,18,9,18,28,31,12
사직동_009_2,21,24,26,27,55,25
사직동_009_4,12,36,37,91,61,9
사직동_009_5,2,7,18,16,47,2
사직동_009_6,20,16,8,10,17,11
사직동_009_9,14,10,6,10,2,2
사직동_010_1,18,5,4,19,6,10
사직동_015_1,22,3,4,16,6,7
삼각산동_050_1,8,0,0,1,3,2
삼각산동_060_1,12,6,7,10,1,6
삼각산동_061_1,11,3,7,7,6,8
삼선동_001_1,15,15,9,25,25,23
삼선동_002_1,16,5,9,8,19,9
삼선동_002_2,29,16,20,14,23,32
삼선동_002_3,8,0,4,6,4,8
삼선동_026_1,29,18,11,22,23,25
삼성1동_002_1,6,13,13,27,23,8
삼성1동_005_1,1,1,0,2,3,3
삼성1동_006_1,4,2,2,4,6,2
삼성1동_018_1,13,11,4,10,16,2
삼성1동_018_2,44,45,7,11,24,9
삼성1동_020_1,0,4,0,2,6,2
삼성1동_021_1,4,15,7,8,14,6
삼성1동_021_2,0,4,0,10,4,2
삼성1동_023_1,12,10,0,15,9,16
삼성1동_023_2,0,1,3,3,9,4
삼성1동_023_3,6,5,9,25,48,19
삼성1동_024_2,5,9,6,24,44,12
삼성1동_025_1,22,15,5,12,24,12
삼성1동_025_2,3,3,20,71,109,36
삼성2동_007_1,14,12,4,14,15,11
삼성2동_013_1,7,4,7,10,13,7
삼성2동_049_1,8,4,5,12,24,9
삼성2동_057_1,2,2,2,5,11,10
삼양동_001_1,4,2,4,6,2,6
삼양동_005_1,4,0,2,7,1,8
삼양동_016_1,2,4,15,9,12,4
삼전동_001_1,55,41,55,42,54,35
삼전동_031_1,21,13,8,16,12,8
삼전동_039_1,43,36,12,21,50,18
삼전동_044_1,29,30,29,27,36,29
삼청동_001_1,4,12,18,23,56,1
삼청동_003_2,15,15,18,17,14,3
삼청동_003_3,2,0,2,2,4,0
삼청동_004_2,22,32,40,46,40,6
삼청동_005_1,0,0,2,4,4,0
상계10동_005_1,6,20,20,27,41,26
상계10동_012_1,23,10,17,27,23,12
상계10동_023_1,6,8,3,22,24,19
상계10동_033_1,22,13,29,40,21,33
상계10동_034_1,21,23,16,29,34,47
상계1동_001_1,8,2,6,12,2,4
상계1동_003_1,4,9,14,21,24,22
상계1동_004_1,5,16,12,8,9,8
상계1동_026_1,18,0,6,6,6,2
상계1동_028_1,10,7,5,3,19,4
상계1동_029_1,18,4,6,5,7,8
상계1동_047_1,6,0,7,1,2,0
상계1동_053_1,19,7,4,4,10,6
상계1동_053_2,10,6,7,16,20,9
상계1동_058_1,10,10,7,19,24,4
상계1동_058_2,15,8,17,7,29,26
상계2동_020_1,9,9,2,12,20,12
상계2동_022_1,22,6,6,13,14,9
상계2동_025_1,28,14,20,18,29,67
상계2동_031_1,23,39,33,57,103,21
상계2동_031_2,14,3,18,36,74,63
상계2동_033_1,6,18,13,21,28,36
"상계3,4동_005_1",21,4,7,11,8,17
"상계3,4동_006_1",4,4,3,5,6,10
"상계3,4동_010_1",19,15,7,7,6,8
"상계3,4동_010_2",2,2,2,2,4,6
"상계3,4동_013_1",17,11,8,9,11,10
"상계3,4동_013_2",6,2,10,6,7,7
"상계3,4동_047_1",8,2,2,6,12,10
상계5동_001_1,16,5,14,30,49,44
상계5동_001_2,54,49,59,78,110,54
상계5동_048_1,16,4,4,0,4,2
"상계6,7동_001_1",37,21,20,34,17,29
"상계6,7동_001_2",2,8,4,31,7,4
"상계6,7동_005_1",18,26,32,46,50,14
"상계6,7동_009_2",24,19,58,85,97,51
"상계6,7동_025_1",15,1,5,5,6,14
"상계6,7동_027_1",7,28,28,54,92,13
"상계6,7동_027_2",15,17,45,59,95,23
"상계6,7동_027_3",22,47,39,78,80,32
"상계6,7동_037_1",38,5,18,19,31,23
"상계6,7동_042_1",26,36,32,32,53,35
"상계6,7동_042_2",14,25,34,49,38,8
"상계6,7동_049_1",33,3,6,6,29,23
"상계6,7동_060_1",10,11,8,33,13,39
"상계6,7동_060_2",6,9,5,16,9,9
상계8동_002_1,19,7,5,17,34,20
상계8동_011_2,14,7,11,6,15,13
상계8동_015_1,42,19,20,21,56,14
상계8동_030_1,34,41,28,24,79,44
상계8동_032_1,14,6,4,2,8,6
상계8동_042_1,22,10,6,8,9,5
상계8동_043_1,10,4,7,12,18,5
상계9동_003_1,18,11,22,10,38,27
상계9동_024_1,10,4,10,6,9,1
상계9동_027_1,17,23,14,22,30,30
상계9동_035_1,15,20,14,13,20,10
상도1동_001_1,7,1,1,8,4,13
상도1동_039_1,11,5,0,2,8,4
상도1동_049_1,6,0,0,2,2,0
상도1동_066_1,4,5,14,9,18,38
상도1동_066_2,2,2,5,5,13,3
상도2동_001_1,8,8,2,10,6,8
상도2동_016_1,14,4,4,2,4,0
상도2동_023_1,6,6,6,12,14,18
상도2동_027_1,15,1,2,8,2,4
상도2동_036_1,0,0,1,1,8,0
상도2동_038_1,13,5,8,14,8,8
상봉1동_003_1,6,8,12,31,33,30
상봉1동_003_2,42,14,27,7,33,19
상봉1동_003_3,6,10,10,13,31,26
상봉1동_003_4,14,5,12,9,16,8
상봉1동_004_1,10,6,11,22,16,9
상봉2동_008_1,21,9,18,20,50,52
상봉2동_014_1,32,9,23,29,76,19
상봉2동_014_2,16,22,27,20,50,69
상봉2동_015_1,16,9,10,7,22,22
상봉2동_019_1,2,16,16,30,33,49
상봉2동_020_1,17,9,6,14,17,15
상봉2동_024_1,10,4,3,11,35,35
상봉2동_027_1,38,9,7,18,12,28
상봉2동_033_1,24,22,31,43,67,61
상봉2동_036_1,16,16,16,19,36,35
상봉2동_036_2,12,6,0,4,6,14
상암동_001_1,51,19,14,10,12,10
상암동_001_2,10,2,12,11,21,10
상암동_002_1,21,23,20,25,35,6
상암동_003_1,33,4,12,14,18,11
상암동_003_2,15,12,6,11,16,4
상암동_013_1,26,2,9,14,16,3
상암동_024_1,7,5,2,10,6,2
상암동_024_2,7,10,3,18,29,25
상암동_024_3,18,8,18,7,15,14
상암동_024_4,8,15,31,50,80,12
상암동_024_5,6,11,13,39,63,18
상암동_024_6,2,15,11,10,8,10
상암동_025_2,47,29,20,20,43,19
상암동_025_3,45,17,10,18,69,17
상암동_025_4,29,12,17,17,53,40
상암동_025_5,38,23,18,28,79,44
상암동_026_1,8,13,12,44,66,29
상암동_026_3,6,23,16,16,38,1
상암동_026_4,4,22,16,46,22,14
상암동_026_5,9,22,43,58,126,14
상암동_029_1,2,9,9,15,56,17
상암동_029_2,15,12,15,36,52,10
상암동_030_1,8,18,1,9,0,14
상암동_033_1,10,14,10,14,15,9
상암동_036_1,10,5,5,7,17,12
상암동_042_1,8,8,10,9,16,11
상암동_042_2,22,13,14,18,19,8
상암동_042_3,11,12,7,15,12,7
상암동_042_4,2,2,2,5,1,20
상암동_054_1,3,9,7,27,9,9
상암동_061_1,12,12,17,27,28,6
상암동_063_1,0,13,9,15,25,4
상암동_063_2,0,0,0,0,0,2
상일1동_002_1,8,4,5,15,36,16
상일1동_004_1,0,9,3,13,9,0
상일1동_006_3,6,3,10,12,2,3
상일1동_024_1,27,5,16,16,39,19
상일1동_048_1,14,1,1,5,1,0
상일1동_057_1,37,5,7,15,10,16
상일1동_069_1,23,19,14,16,19,17
상일2동_001_1,14,12,8,5,21,4
상일2동_001_2,22,12,8,12,19,3
상일2동_002_1,29,5,0,12,22,8
상일2동_006_1,14,4,2,11,9,10
상일2동_007_1,10,18,39,70,94,23
상일2동_007_2,13,16,5,12,13,9
상일2동_007_3,19,5,3,7,20,12
서강동_008_1,9,11,21,34,42,33
서강동_009_1,26,10,17,14,16,31
서강동_028_1,14,6,7,11,14,8
서강동_029_1,4,4,11,16,17,10
서강동_052_1,14,2,6,9,16,13
서교동_001_1,21,60,32,60,99,66
서교동_004_1,34,82,69,93,151,33
서교동_004_2,0,4,11,12,28,9
서교동_008_1,0,3,27,31,56,41
서교동_008_2,12,4,13,15,51,37
서교동_011_1,5,9,30,25,44,9
서교동_020_1,21,30,35,74,68,40
서교동_032_1,10,15,10,32,60,27
서교동_033_1,16,5,26,49,59,41
서교동_037_1,2,8,6,10,23,27
서교동_041_1,14,10,26,24,38,12
서교동_044_1,4,9,31,28,32,28
서림동_022_1,6,4,2,4,8,8
서림동_023_1,12,17,25,34,39,29
서빙고동_007_1,16,15,9,27,53,46
서빙고동_010_1,4,4,2,3,8,1
서빙고동_015_1,4,1,5,4,14,10
서빙고동_015_2,0,6,2,10,12,2
서빙고동_015_3,0,1,3,20,6,0
서빙고동_015_4,0,2,4,12,14,4
서빙고동_015_5,4,8,10,4,1,1
서빙고동_018_1,10,4,7,5,8,12
서원동_023_1,15,2,6,2,9,18
서원동_036_1,30,7,4,26,33,40
서초1동_008_1,8,12,8,5,19,14
서초1동_012_1,10,4,6,3,5,6
서초1동_017_1,11,14,15,24,26,26
서초1동_031_1,3,12,8,14,19,2
서초1동_033_2,0,2,0,2,2,0
서초2동_002_1,8,13,8,12,29,10
서초2동_002_2,2,14,4,14,24,22
서초2동_004_1,3,5,7,6,14,5
서초2동_004_2,8,13,16,42,60,21
서초2동_010_1,10,10,3,11,12,6
서초2동_031_1,4,4,0,2,6,2
서초2동_039_1,17,1,5,5,15,9
서초2동_040_1,9,5,9,6,11,0
서초2동_040_2,17,13,10,16,15,5
서초2동_041_1,23,10,7,6,35,17
서초2동_049_1,0,6,7,9,6,2
서초3동_004_1,2,4,2,17,13,2
서초3동_005_1,5,2,4,4,6,9
서초3동_005_2,0,6,4,4,12,8
서초3동_009_1,10,7,2,3,9,5
서초3동_020_1,2,4,2,0,4,2
서초3동_023_1,9,9,17,14,15,6
서초3동_026_1,4,4,6,8,4,0
서초3동_028_1,5,14,1,12,20,8
서초3동_039_1,9,7,6,16,18,8
서초3동_044_1,2,4,6,19,16,3
서초3동_057_1,19,11,5,15,28,14
서초4동_002_1,3,11,5,33,32,14
서초4동_022_1,12,0,0,2,5,1
서초4동_024_1,13,3,12,6,16,4
서초4동_024_2,9,9,11,10,37,6
석관동_001_1,33,12,22,39,40,54
석관동_018_1,15,9,14,10,21,29
석관동_032_1,9,16,11,10,27,19
석관동_049_1,4,0,12,22,20,8
석관동_049_2,2,2,18,7,14,9
석관동_068_1,26,7,6,11,19,13
석촌동_015_1,50,34,21,37,60,30
석촌동_017_1,35,29,24,22,41,33
석촌동_018_1,58,31,43,40,94,46
석촌동_036_1,75,42,34,36,75,56
석촌동_040_1,33,13,10,15,11,12
성내1동_002_1,88,35,40,25,75,51
성내1동_004_1,79,52,45,90,97,25
성내1동_008_1,23,14,19,36,63,9
성내1동_012_1,48,37,62,53,124,36
성내1동_014_1,91,40,40,66,85,36
성내1동_015_1,54,31,31,37,66,39
성내1동_016_1,34,23,5,9,52,15
성내2동_010_1,28,31,40,38,89,68
성내2동_018_1,42,21,25,28,75,55
성내2동_023_1,65,21,24,40,72,74
성내2동_036_1,20,8,10,9,33,22
성내2동_039_1,14,15,11,20,25,29
성내3동_011_1,30,17,18,21,62,38
성내3동_012_1,30,24,2,27,43,22
성내3동_018_1,38,30,29,45,101,51
성내3동_018_2,69,30,35,44,66,56
성내3동_030_1,53,30,48,75,128,100
성내3동_041_1,70,50,46,48,55,55
성북동_011_1,1,1,0,0,2,0
성북동_012_1,26,6,7,14,13,8
성북동_015_1,0,2,3,6,2,3
성북동_015_2,9,2,10,9,16,10
성북동_016_1,10,2,0,0,0,2
성북동_016_2,9,9,10,3,1,2
성북동_018_1,14,2,9,13,4,8
성북동_022_1,0,0,0,1,1,4
성북동_029_1,11,4,14,3,13,15
성산1동_006_1,36,36,20,35,53,30
성산1동_022_1,22,30,29,22,29,38
성산1동_030_1,2,0,8,17,13,10
성산1동_030_2,11,34,58,49,48,18
성산2동_001_1,6,4,4,14,23,7
성산2동_001_2,15,12,45,67,59,26
성산2동_001_3,2,6,22,32,62,30
성산2동_001_4,7,10,5,11,15,4
성산2동_002_1,27,3,7,5,20,16
성산2동_005_1,42,12,9,12,28,9
성산2동_010_1,20,13,8,11,25,33
성산2동_012_1,5,11,8,3,3,2
성산2동_012_2,32,35,23,36,60,18
성산2동_017_1,7,25,13,12,16,15
성산2동_026_1,30,14,29,32,70,47
성산2동_032_1,21,14,8,15,22,24
성산2동_063_1,32,23,9,8,6,6
성산2동_076_2,7,18,30,48,32,9
성산2동_076_3,2,3,17,11,27,4
성수1가1동_002_1,22,18,23,23,60,34
성수1가1동_003_1,16,20,45,44,52,11
성수1가1동_003_2,29,37,23,42,60,21
성수1가1동_008_1,5,4,3,24,20,14
성수1가1동_008_2,4,12,38,45,72,15
성수1가1동_008_3,2,2,6,16,29,9
성수1가1동_009_1,38,27,18,48,63,40
성수1가1동_029_1,16,10,11,32,57,14
성수1가1동_029_2,3,4,6,11,20,8
성수1가2동_001_1,40,32,29,50,77,46
성수1가2동_001_2,22,24,45,36,26,31
성수1가2동_005_2,6,10,11,18,49,22
성수1가2동_005_3,16,18,8,26,61,31
성수1가2동_019_1,13,26,38,25,34,18
성수1가2동_019_2,24,28,18,34,119,53
성수2가1동_023_1,85,49,28,41,91,38
성수2가3동_002_1,6,15,31,28,49,7
성수2가3동_002_3,29,28,45,46,55,35
성수2가3동_004_1,30,42,39,45,51,33
성수2가3동_004_2,7,14,24,46,72,7
성수2가3동_006_2,113,61,52,76,128,28
성수2가3동_006_3,6,11,6,23,40,10
성수2가3동_006_4,34,28,14,18,41,29
성수2가3동_007_2,8,24,32,56,54,4
성수2가3동_008_1,19,12,25,37,67,16
성수2가3동_008_2,2,13,16,34,87,24
성수2가3동_012_1,45,49,39,50,53,16
성수2가3동_012_2,19,19,22,56,84,8
성수2가3동_012_4,18,14,35,47,58,4
세곡동_003_1,5,9,8,8,10,2
세곡동_004_1,2,2,2,6,10,0
세곡동_005_1,6,6,2,2,7,3
세곡동_009_1,10,4,0,4,0,4
세곡동_010_1,43,27,19,15,27,5
세곡동_011_1,13,7,1,17,12,4
세곡동_033_1,19,12,6,6,21,16
세곡동_047_1,34,6,2,20,16,10
세곡동_049_1,17,2,11,3,6,5
세곡동_051_1,10,8,8,17,11,10
세곡동_052_1,4,0,2,5,5,0
세곡동_053_1,18,4,2,10,20,6
세곡동_056_1,40,10,8,13,15,8
세곡동_070_2,0,2,3,6,5,0
세곡동_070_3,6,4,6,2,13,13
세곡동_075_1,3,3,0,6,2,2
소공동_001_1,4,10,12,15,18,7
소공동_001_10,6,2,11,21,18,0
소공동_001_11,10,18,20,26,18,8
소공동_001_2,14,17,14,28,25,4
소공동_001_3,8,5,1,12,6,0
소공동_001_4,10,15,13,19,34,1
소공동_001_5,2,4,8,2,20,10
소공동_001_6,2,0,4,9,29,6
소공동_001_7,7,3,2,2,18,4
소공동_001_8,19,25,16,38,74,20
소공동_001_9,0,2,2,2,0,0
소공동_002_1,21,19,24,24,27,9
소공동_002_3,8,4,16,6,19,3
소공동_002_4,13,21,7,19,16,6
소공동_002_5,8,9,10,32,19,8
소공동_003_1,24,10,24,28,62,28
송정동_004_1,6,9,7,10,52,10
송정동_004_2,13,11,9,19,87,15
송정동_004_4,37,40,23,36,62,34
송정동_009_1,82,42,30,43,43,38
송정동_015_1,37,7,9,20,23,18
송중동_019_1,16,7,21,36,44,32
송중동_036_1,4,4,0,6,6,12
송중동_054_1,14,0,2,6,0,4
송천동_010_1,5,6,0,0,3,2
송천동_012_1,17,9,12,7,12,7
송천동_026_1,4,8,10,0,5,9
송천동_027_1,4,0,0,5,7,16
송천동_043_1,2,0,8,10,8,8
송천동_044_1,2,4,0,2,1,7
송천동_049_1,8,0,0,0,0,6
송천동_053_1,9,2,0,4,1,6
송파1동_014_1,26,23,42,50,64,53
송파1동_030_1,52,26,26,47,50,29
송파1동_038_1,90,72,45,49,117,75
송파2동_002_1,35,15,35,37,63,61
송파2동_003_1,6,4,2,12,8,6
송파2동_007_1,33,14,11,15,37,20
송파2동_008_1,18,26,14,15,1,8
송파2동_008_2,5,3,8,3,11,10
수궁동_011_1,6,1,1,6,5,3
수궁동_020_1,6,4,2,10,7,11
수궁동_038_1,0,0,2,4,0,0
수궁동_038_2,8,4,2,7,25,12
수궁동_038_3,4,2,3,5,4,12
수색동_004_2,48,18,20,27,28,11
수서동_019_1,25,6,14,6,41,18
수서동_023_1,26,15,30,39,90,40
수서동_028_1,16,1,9,24,47,13
수서동_028_2,5,5,10,7,9,6
수유1동_006_1,8,8,4,9,9,10
수유2동_010_1,12,17,10,15,35,21
수유2동_027_2,8,4,6,8,12,10
수유2동_028_1,10,19,8,17,11,17
수유2동_030_1,14,15,13,8,10,14
수유3동_004_1,14,23,20,28,26,17
수유3동_016_1,8,5,10,11,8,18
수유3동_017_1,6,6,6,8,21,43
수유3동_019_1,0,0,2,3,15,14
수유3동_020_1,17,16,3,16,16,12
수유3동_021_1,8,15,25,41,57,52
수유3동_025_1,12,14,18,38,34,48
숭인1동_009_1,37,35,38,59,54,49
숭인2동_005_1,26,29,14,12,27,26
숭인2동_005_2,26,4,18,19,28,25
숭인2동_012_1,24,18,26,26,34,28
시흥1동_001_1,3,5,2,0,0,0
시흥1동_003_1,4,2,4,4,6,4
시흥1동_003_2,12,2,10,4,16,12
시흥1동_003_3,20,2,10,6,35,13
시흥1동_003_4,0,0,14,6,10,4
시흥1동_004_1,10,4,4,4,2,2
시흥1동_024_1,18,10,8,4,9,7
시흥1동_041_1,18,4,0,0,4,4
시흥1동_042_1,25,10,4,12,21,10
시흥1동_046_1,10,4,2,14,4,6
시흥1동_048_1,2,12,0,2,2,0
시흥2동_001_2,10,3,4,9,5,3
시흥3동_001_1,0,0,0,2,8,0
시흥3동_020_1,4,0,2,8,8,2
시흥3동_021_1,4,2,2,8,4,4
시흥4동_001_1,0,2,0,2,0,0
시흥4동_011_1,13,3,2,2,0,0
시흥4동_012_1,8,0,0,0,0,0
시흥4동_026_1,13,0,2,0,2,3
신길1동_001_1,32,15,5,4,8,12
신길1동_005_1,12,13,26,38,57,52
신길1동_008_1,12,3,14,11,17,11
신길1동_030_1,18,12,10,16,18,20
신길3동_021_1,32,10,6,13,15,32
신길3동_021_2,18,3,1,9,2,7
신길3동_026_1,11,2,1,15,13,10
신길3동_026_2,15,11,10,5,20,15
신길3동_027_1,27,18,13,16,29,23
신길3동_033_1,10,0,6,6,4,4
신길3동_033_2,34,12,5,19,18,4
신길4동_004_1,37,4,5,12,7,13
신길4동_023_1,34,10,6,17,6,9
신길6동_006_1,19,12,8,22,28,15
신길6동_009_1,14,12,16,23,38,25
신길6동_018_1,50,20,27,41,37,29
신길7동_001_2,151,16,30,41,46,32
신길7동_007_1,22,12,6,10,10,10
신길7동_009_1,5,9,12,14,14,12
신길7동_016_1,16,5,1,5,7,6
신길7동_019_1,28,14,6,16,21,9
신길7동_021_1,24,12,11,14,24,21
신길7동_028_1,31,11,10,4,21,29
신내1동_001_1,8,5,5,11,17,0
신내1동_002_1,14,3,5,10,2,0
신내1동_002_2,0,2,4,0,6,4
신내1동_008_1,15,7,2,7,9,8
신내1동_019_1,23,1,2,4,7,5
신내1동_022_2,6,2,0,1,3,6
신내1동_022_3,8,8,2,2,2,2
신내1동_022_4,10,7,5,8,12,4
신내1동_023_1,22,10,6,20,0,12
신내1동_025_1,8,0,0,2,2,8
신내1동_043_1,28,3,5,19,22,17
신내1동_045_1,14,6,11,1,7,5
신내1동_053_1,4,9,9,18,14,48
신내1동_059_1,31,5,6,4,20,14
신내1동_059_2,8,4,6,4,4,8
신내1동_073_1,22,10,8,7,37,16
신내2동_002_1,5,7,7,13,16,16
신내2동_002_2,17,16,7,17,33,20
신내2동_004_1,6,7,11,14,13,11
신내2동_004_2,37,13,24,42,71,39
신당5동_014_1,15,0,6,5,5,7
신당동_004_1,56,38,51,57,60,98
신당동_005_1,9,15,6,26,8,22
신당동_005_2,7,8,23,29,24,51
신대방1동_015_1,18,18,13,13,10,34
신대방1동_019_1,11,5,8,7,38,33
신대방1동_046_1,17,10,16,22,21,14
신대방2동_007_1,9,16,7,25,57,30
신대방2동_007_2,20,6,13,30,39,20
신대방2동_007_3,44,12,8,8,33,9
신대방2동_009_1,19,11,8,21,33,18
신대방2동_011_1,46,23,20,20,20,19
신대방2동_020_1,37,27,43,80,71,80
신대방2동_033_1,14,20,8,24,16,24
신도림동_005_1,29,14,13,26,40,18
신도림동_008_1,55,24,3,17,44,25
신도림동_030_1,40,23,40,75,121,39
신도림동_033_1,15,29,16,26,36,38
신도림동_050_1,106,44,46,113,137,46
신도림동_057_1,20,6,7,17,26,36
신도림동_067_1,16,25,17,17,45,36
신도림동_069_1,26,8,13,31,50,22
신도림동_071_1,21,3,6,7,20,15
신림동_002_1,8,8,12,11,7,6
신림동_006_1,33,40,57,70,100,124
신림동_012_1,4,0,12,12,19,3
신림동_012_2,8,7,7,7,26,27
신림동_027_2,18,23,31,42,73,47
신사1동_032_1,18,2,12,11,9,16
신사1동_053_1,45,11,18,11,15,8
신사2동_013_1,6,0,4,13,21,6
신사동_001_1,42,13,33,43,83,34
신사동_003_1,9,14,11,13,10,27
신사동_018_1,1,5,14,8,28,30
신사동_019_2,3,8,4,6,25,10
신사동_020_1,25,0,4,11,27,23
신사동_021_1,4,2,3,15,17,13
신사동_024_1,16,19,9,27,36,23
신사동_026_1,9,5,2,8,10,22
신사동_042_1,20,2,10,6,12,6
신수동_002_1,18,12,4,8,8,12
신수동_005_1,11,7,8,10,9,19
신수동_021_1,38,24,21,32,29,12
신수동_026_1,10,1,3,4,12,2
신수동_027_1,14,6,9,7,11,5
신수동_047_1,24,14,17,25,14,20
신월1동_011_1,24,6,15,15,21,17
신월1동_013_1,40,6,4,23,17,8
신월1동_014_1,20,8,16,15,24,5
신월1동_039_1,27,13,10,14,14,8
신월2동_006_1,21,3,6,11,19,4
신월2동_009_1,20,16,10,20,14,16
신월2동_013_1,0,2,0,6,0,6
신월2동_031_1,12,3,1,7,8,9
신월2동_033_1,32,14,14,18,12,8
신월3동_001_1,6,6,2,25,9,2
신월3동_006_1,10,0,20,30,10,6
신월3동_007_1,16,15,12,19,14,10
신월4동_001_1,31,5,4,11,15,6
신월4동_007_1,0,2,0,0,0,2
신월4동_014_1,28,15,1,11,13,12
신월5동_023_1,13,9,16,20,17,13
신월6동_002_1,17,6,6,29,34,38
신월7동_013_1,30,12,7,10,22,17
신월7동_015_1,18,7,4,11,19,17
신월7동_032_1,16,8,10,17,12,17
신정1동_005_1,51,43,46,70,49,53
신정1동_005_2,23,20,17,13,17,18
신정1동_005_3,26,6,12,14,20,6
신정1동_006_1,30,20,10,23,34,25
신정1동_007_1,70,12,31,50,58,43
신정2동_003_1,50,30,36,55,58,43
신정2동_021_1,40,22,18,35,66,67
신정2동_026_1,24,11,11,25,24,31
신정2동_028_1,89,59,38,53,58,49
신정3동_001_1,25,4,7,8,10,16
신정3동_010_1,4,2,25,35,10,10
신정3동_010_2,10,10,38,10,8,14
신정3동_013_1,12,10,2,3,8,5
신정3동_014_1,14,6,8,2,3,3
신정3동_057_1,11,7,8,8,10,10
신정3동_062_1,45,7,10,17,17,10
신정3동_062_2,0,0,0,2,2,0
신정3동_062_3,0,2,2,1,1,10
신정3동_062_4,7,6,3,13,14,11
신정3동_066_1,40,4,3,15,18,14
신정3동_079_1,15,8,1,12,16,2
신정3동_091_1,17,15,2,26,20,12
신정3동_095_1,22,8,6,10,11,3
신정4동_005_1,57,31,28,53,55,52
신정4동_013_1,22,8,4,8,49,31
신정4동_015_1,28,21,30,39,60,32
신정4동_045_1,30,39,34,38,98,59
신정6동_002_1,48,58,92,97,156,99
신정6동_002_2,59,17,24,25,29,56
신정6동_002_3,37,34,27,42,51,41
신정6동_002_4,30,12,11,9,19,21
신정6동_017_1,60,52,40,68,74,32
신정6동_018_1,43,17,25,37,46,82
신정6동_020_1,28,7,8,11,18,4
신정6동_026_2,98,47,22,63,49,43
신정6동_028_1,11,5,18,89,18,7
신정6동_036_1,59,21,24,32,28,22
신정6동_044_1,38,9,6,30,43,28
신정7동_001_1,78,13,9,24,22,8
신정7동_001_2,57,15,25,66,67,30
신정7동_001_3,28,9,10,26,41,16
신정7동_003_1,43,5,14,36,33,21
신정7동_004_1,52,6,11,20,11,26
신정7동_004_2,15,18,27,30,36,38
신정7동_008_1,22,9,2,14,24,11
신정7동_021_1,35,7,32,24,40,20
신정7동_043_1,71,30,42,54,35,20
신촌동_001_1,22,7,7,19,8,9
신촌동_006_2,6,2,10,13,13,22
신촌동_008_1,7,10,12,16,29,0
신촌동_010_1,2,2,2,4,8,2
신촌동_012_1,0,0,0,8,0,4
신촌동_016_1,5,7,6,7,22,27
신촌동_021_1,5,15,0,7,7,6
신촌동_024_1,13,4,11,3,12,19
신촌동_024_2,8,5,7,11,11,10
신촌동_024_3,5,11,24,14,30,20
신촌동_024_5,0,2,3,11,22,6
신촌동_028_1,4,6,4,9,6,9
신촌동_032_1,4,5,16,12,25,44
신촌동_038_1,12,6,7,5,3,5
쌍문1동_001_1,5,10,14,13,14,10
쌍문1동_002_1,4,0,2,3,7,10
쌍문1동_002_2,9,3,12,4,4,22
쌍문1동_017_1,42,10,10,17,21,30
쌍문2동_015_1,19,3,5,16,17,20
쌍문2동_020_1,9,7,5,8,7,2
쌍문2동_028_1,10,2,1,9,19,11
쌍문3동_003_2,8,4,8,31,29,12
쌍문3동_024_1,4,13,4,15,12,22
쌍문4동_007_1,25,7,3,18,12,5
쌍문4동_008_1,15,14,7,28,14,18
쌍문4동_033_1,6,14,11,18,22,19
쌍문4동_034_1,9,2,8,10,13,8
아현동_002_1,16,2,0,3,1,2
아현동_004_1,25,8,6,12,18,17
아현동_004_2,4,2,8,3,9,6
아현동_006_1,21,18,11,18,26,6
아현동_013_1,4,0,2,0,0,0
아현동_021_1,6,21,16,21,46,16
아현동_037_1,0,0,0,2,0,4
안암동_006_1,4,4,8,21,14,9
안암동_008_1,24,17,33,35,27,34
안암동_012_1,38,23,39,42,31,25
안암동_013_1,37,12,20,31,24,28
안암동_015_1,14,40,50,74,59,45
안암동_028_1,13,33,18,51,39,34
안암동_028_2,2,14,29,23,2,20
암사1동_001_1,6,6,0,10,6,4
암사1동_043_1,8,2,2,6,20,10
암사1동_044_1,14,14,24,17,30,17
암사1동_057_1,10,2,0,11,7,6
암사2동_002_1,56,27,20,45,68,56
암사2동_005_1,4,5,1,2,0,0
암사2동_005_2,0,0,0,8,0,0
암사3동_004_1,19,9,8,16,18,2
암사3동_006_1,9,6,5,5,15,10
암사3동_006_2,12,12,12,24,14,20
암사3동_007_1,18,2,6,11,13,6
암사3동_013_1,27,0,2,7,3,5
암사3동_018_1,20,3,5,22,42,14
암사3동_024_1,9,10,8,2,5,10
암사3동_027_1,4,4,6,4,2,4
압구정동_025_1,8,7,14,10,43,14
압구정동_026_1,8,27,12,28,59,42
압구정동_037_1,2,8,0,0,14,2
압구정동_044_1,4,2,12,7,13,8
압구정동_045_1,4,1,7,14,10,6
압구정동_048_1,7,1,5,17,16,6
압구정동_051_1,32,22,21,39,54,28
약수동_003_1,0,2,2,2,12,8
약수동_007_1,6,4,0,10,10,6
약수동_007_2,4,6,2,0,0,0
약수동_021_1,4,0,0,0,3,5
양재1동_005_1,6,8,18,12,10,6
양재1동_011_1,24,10,6,22,46,16
양재1동_013_1,4,10,9,9,31,3
양재1동_013_2,3,22,18,14,28,19
양재1동_018_1,8,8,12,26,36,6
양재1동_018_2,8,12,8,21,29,10
양재1동_019_1,2,12,10,6,26,6
양재1동_019_2,12,8,11,14,22,3
양재1동_031_1,3,3,3,5,12,8
양재1동_033_1,18,12,8,4,12,8
양재1동_033_2,9,5,12,22,24,4
양재1동_063_1,31,17,9,19,19,17
양재1동_064_1,15,9,5,7,10,4
양재1동_065_1,15,3,0,8,1,1
양재1동_065_2,6,4,0,2,12,2
양재1동_078_1,12,8,6,11,5,4
양재1동_082_1,8,5,3,4,6,4
양재2동_004_1,10,10,6,6,10,4
양재2동_005_1,16,13,18,18,39,14
양재2동_005_2,8,9,11,21,22,7
양재2동_005_3,14,20,3,9,24,12
양재2동_007_1,24,19,13,20,22,6
양재2동_010_1,8,10,2,12,24,6
양재2동_026_1,16,16,25,22,24,15
양재2동_032_1,6,2,0,0,0,4
양재2동_035_1,14,4,0,4,0,4
양재2동_039_1,0,0,0,6,0,6
양재2동_039_2,60,33,13,31,53,22
양재2동_039_3,6,3,6,12,19,2
양재2동_039_4,0,0,0,4,8,0
양재2동_039_5,8,10,8,9,22,5
양재2동_039_6,6,22,19,38,37,6
양재2동_040_3,0,0,0,2,2,0
양재2동_040_4,2,2,0,2,5,3
양평1동_001_2,32,13,6,18,38,13
양평1동_003_1,47,12,14,16,35,36
양평1동_007_1,29,36,40,36,68,21
양평1동_008_1,51,35,20,41,91,30
양평1동_011_1,9,4,10,23,42,20
양평1동_013_1,42,26,34,79,89,36
양평1동_020_1,90,32,24,37,91,32
양평1동_027_1,10,5,9,12,17,9
양평1동_027_2,6,5,7,33,28,1
양평1동_028_1,79,20,28,53,70,24
양평2동_002_1,20,25,18,32,67,20
양평2동_006_1,34,20,20,28,36,24
양평2동_007_1,39,27,53,54,130,53
양평2동_011_1,11,22,21,78,104,30
양평2동_017_1,32,9,15,24,37,19
양평2동_029_1,114,10,20,32,61,31
양평2동_033_1,23,14,15,69,41,12
여의동_001_1,45,29,40,111,146,21
여의동_001_2,44,28,41,33,95,19
여의동_001_3,6,17,32,62,131,4
여의동_002_10,0,4,17,22,31,4
여의동_002_11,0,4,3,9,16,0
여의동_002_12,2,1,9,5,27,2
여의동_002_13,0,7,5,4,21,9
여의동_002_14,0,2,6,8,16,2
여의동_002_15,0,3,9,1,1,0
여의동_002_16,0,3,5,8,6,2
여의동_002_17,0,2,2,1,1,4
여의동_002_18,18,9,23,39,73,12
여의동_002_3,9,3,2,11,7,14
여의동_002_4,14,8,4,13,11,16
여의동_002_5,3,1,18,9,30,11
여의동_002_7,7,9,10,16,50,2
여의동_002_8,6,4,6,11,33,4
여의동_002_9,3,7,8,23,17,0
여의동_004_1,12,6,6,27,59,6
여의동_006_11,10,38,66,129,99,20
여의동_006_15,40,12,10,37,79,18
여의동_006_16,52,32,55,132,120,11
여의동_006_17,71,38,24,56,67,28
여의동_006_2,3,9,13,32,51,0
여의동_006_4,10,12,11,32,34,21
여의동_006_8,33,43,44,173,92,17
여의동_006_9,10,14,19,51,41,9
여의동_010_1,56,31,65,139,264,119
여의동_016_1,17,29,40,39,47,18
여의동_017_1,24,30,36,72,49,11
여의동_024_1,37,19,25,56,77,20
여의동_032_1,25,23,23,60,37,12
여의동_032_2,16,29,22,72,74,15
여의동_035_1,15,11,10,8,7,13
여의동_037_1,19,45,39,68,108,11
여의동_037_2,38,9,14,20,32,25
여의동_042_1,28,22,7,29,60,16
여의동_049_1,12,20,16,20,14,34
여의동_049_2,57,14,19,21,47,38
여의동_051_2,27,18,23,56,79,21
여의동_051_3,8,22,32,68,144,14
여의동_051_4,24,9,7,9,39,26
여의동_051_6,39,59,34,71,24,1
여의동_051_7,8,24,22,72,71,7
여의동_060_1,18,10,13,33,81,29
역삼1동_009_1,8,6,12,16,14,10
역삼1동_012_1,6,12,7,7,6,2
역삼1동_012_2,18,2,1,19,10,8
역삼1동_013_1,10,3,15,3,7,10
역삼1동_020_1,3,8,21,16,12,0
역삼1동_029_1,4,1,7,9,21,8
역삼1동_037_1,11,8,17,20,26,20
역삼1동_038_1,4,10,9,9,28,12
역삼1동_041_1,12,12,16,18,47,7
역삼1동_043_1,17,13,4,18,28,16
역삼1동_044_1,18,13,24,19,55,35
역삼1동_055_1,6,5,12,33,9,7
역삼1동_056_1,7,5,8,22,36,22
역삼1동_057_1,10,5,14,16,23,6
역삼1동_061_1,4,5,1,6,10,14
역삼2동_002_1,7,0,1,1,3,12
역삼2동_003_1,6,13,12,11,6,4
역삼2동_003_2,16,28,29,30,58,29
역삼2동_009_1,2,4,1,9,6,6
역삼2동_022_1,4,4,0,10,10,6
역삼2동_050_1,6,2,6,8,21,3
역삼2동_051_1,7,15,6,7,11,12
역삼2동_061_1,22,3,8,12,23,8
역삼2동_068_1,9,7,4,4,17,15
역촌동_031_1,14,8,8,16,18,8
역촌동_032_1,16,6,7,17,16,8
역촌동_039_1,0,3,9,6,9,7
역촌동_044_1,16,7,16,10,13,38
역촌동_048_1,28,8,7,7,5,5
역촌동_068_1,27,27,46,31,76,59
역촌동_080_1,61,23,32,30,56,34
역촌동_083_1,14,3,0,2,4,3
연남동_005_1,44,32,26,34,51,23
연남동_010_1,32,18,17,40,56,13
연남동_014_1,6,10,19,21,17,17
연남동_029_2,60,47,32,50,80,71
연희동_003_1,3,7,4,5,1,2
연희동_018_1,10,16,2,6,4,4
연희동_036_1,31,7,7,10,9,8
연희동_042_1,19,30,19,31,38,17
연희동_046_1,14,10,13,23,26,24
연희동_055_1,37,20,11,20,16,18
연희동_064_1,8,6,6,6,8,0
연희동_065_1,4,7,6,3,8,8
연희동_066_2,6,5,10,6,21,12
연희동_066_3,15,7,8,8,8,8
염리동_021_1,18,14,2,8,6,2
염리동_031_1,18,12,18,32,27,29
염창동_003_1,8,2,4,12,10,6
염창동_005_1,88,28,24,43,45,46
염창동_006_1,11,10,7,1,8,13
염창동_010_1,28,12,11,19,38,22
염창동_042_1,60,12,9,22,50,25
염창동_058_1,12,3,7,22,18,16
염창동_060_1,10,21,7,13,12,9
염창동_061_1,32,28,22,42,80,26
염창동_061_2,14,11,14,8,29,38
염창동_064_1,22,8,11,10,27,12
염창동_087_1,24,7,21,15,45,22
영등포동_002_1,56,21,25,26,45,19
영등포동_009_1,45,18,23,22,43,27
영등포동_016_1,35,20,40,28,49,40
영등포동_019_1,54,28,17,23,25,31
영등포동_021_4,27,19,19,43,36,28
영등포동_023_1,35,10,12,43,71,31
영등포동_024_1,28,10,57,122,119,50
영등포동_025_1,71,12,23,26,44,22
영등포동_027_1,105,6,13,24,57,31
영등포동_038_1,159,15,18,29,89,22
영등포동_039_1,73,35,40,52,97,65
영등포동_053_1,50,10,15,13,26,24
영등포동_053_2,86,13,16,19,29,31
영등포동_054_1,71,8,8,8,38,27
영등포동_056_1,30,10,8,19,49,60
영등포본동_011_1,27,5,5,16,12,19
영등포본동_012_1,25,4,12,8,30,15
영등포본동_014_1,28,11,9,28,22,14
영등포본동_020_2,107,28,25,44,42,38
영등포본동_020_3,51,31,34,37,93,74
영등포본동_023_1,44,10,5,20,22,27
영등포본동_035_1,40,2,8,15,16,17
영등포본동_037_1,26,15,25,24,38,52
영등포본동_039_1,29,3,3,12,10,5
영등포본동_040_1,10,6,2,0,14,4
오금동_005_1,23,11,2,2,5,5
오금동_006_1,14,18,15,8,18,3
오금동_007_1,17,13,21,16,45,18
오금동_012_1,16,2,6,8,8,16
오금동_020_1,13,7,5,12,26,21
오금동_023_1,14,6,7,17,8,8
오금동_028_1,14,4,4,9,13,4
오금동_038_1,6,10,19,35,36,0
오금동_038_2,0,0,0,3,7,4
오금동_038_3,4,0,0,2,6,4
오금동_041_1,32,13,12,15,14,10
오금동_056_1,29,9,26,15,10,11
오금동_056_2,33,13,15,13,29,29
오금동_062_1,20,6,5,9,4,2
오금동_070_1,19,24,11,20,25,29
오류1동_002_1,7,7,6,23,17,26
오류1동_024_1,17,5,3,3,7,11
오류1동_038_1,4,2,2,2,3,3
오류1동_039_1,19,5,2,9,12,19
오류2동_001_1,4,0,4,0,4,0
오류2동_004_1,8,5,15,20,3,11
오류2동_006_1,10,8,4,8,14,8
오류2동_009_1,4,2,6,8,0,6
오류2동_010_1,8,2,6,8,4,2
오류2동_011_1,20,5,6,13,18,12
오류2동_011_2,22,8,12,24,18,10
오류2동_013_2,12,14,4,9,36,9
오류2동_017_1,14,0,20,14,12,10
오류2동_018_1,58,10,11,38,37,34
오류2동_018_2,13,15,5,26,14,3
오류2동_018_3,5,7,5,24,15,0
오류2동_018_4,13,4,11,16,16,20
오류2동_047_1,2,2,0,4,7,3
오류2동_049_1,17,9,2,6,8,4
오류2동_055_1,8,2,2,4,4,0
오류2동_060_1,12,2,6,5,11,6
오류2동_066_1,33,11,10,12,22,16
오륜동_001_1,14,20,2,9,14,13
오륜동_001_2,17,22,24,28,65,30
오륜동_001_3,27,33,56,47,48,35
오륜동_001_4,93,44,54,110,174,53
오륜동_001_5,45,44,42,45,95,75
오륜동_002_1,14,18,57,71,62,14
오륜동_002_2,6,7,10,24,31,24
오륜동_002_3,26,15,11,13,58,47
오륜동_002_4,4,6,2,11,3,2
오륜동_002_5,6,2,8,8,11,7
오륜동_002_6,9,4,9,12,10,18
오륜동_002_7,4,2,6,4,12,8
오륜동_002_8,4,1,3,7,22,19
오륜동_003_1,0,2,0,10,4,0
오륜동_007_1,23,4,4,19,17,5
오륜동_009_1,6,10,2,10,8,8
오륜동_014_1,19,9,4,6,22,4
오륜동_018_1,18,20,20,48,48,34
오륜동_031_1,7,1,4,15,11,12
오륜동_033_1,30,9,5,13,18,17
오륜동_035_1,16,2,4,2,6,8
옥수동_003_1,6,8,6,0,2,4
옥수동_045_1,42,31,44,79,140,56
왕십리2동_004_1,16,6,8,9,17,12
왕십리2동_004_2,12,11,13,13,23,22
왕십리2동_028_1,15,3,4,2,2,6
왕십리2동_031_1,14,6,0,0,0,0
왕십리도선동_017_1,2,10,2,4,12,2
왕십리도선동_024_1,27,21,11,43,48,36
왕십리도선동_027_1,46,16,17,30,39,64
왕십리도선동_037_1,18,11,5,6,9,17
왕십리도선동_039_1,45,13,6,11,20,17
왕십리도선동_049_1,15,22,13,21,29,16
왕십리도선동_050_1,28,15,23,18,46,32
용강동_004_1,27,17,20,21,21,20
용강동_013_1,29,5,2,14,25,5
용강동_039_1,38,24,23,43,60,44
용강동_040_1,18,11,9,23,36,7
용답동_001_2,0,5,2,10,11,2
용답동_004_1,128,50,26,57,136,53
용답동_006_1,22,15,14,10,40,31
용답동_017_1,4,7,16,25,10,2
용답동_017_2,4,12,12,20,12,4
용답동_017_4,0,1,3,0,0,2
용답동_017_5,2,17,9,16,16,6
용답동_019_1,36,12,4,25,35,20
용답동_019_2,16,16,6,21,29,2
용답동_021_1,33,19,20,20,31,13
용문동_003_1,48,23,11,15,11,18
용문동_003_2,9,1,4,1,7,4
용산2가동_010_1,0,10,17,9,2,2
용산2가동_010_2,6,7,9,3,19,8
용산2가동_010_3,7,7,6,9,11,6
용산2가동_010_4,4,0,11,23,16,6
용산2가동_014_1,10,6,6,17,17,14
용신동_001_1,36,34,27,34,36,25
용신동_004_1,53,21,23,47,29,33
용신동_007_1,14,22,8,11,21,6
용신동_007_2,12,23,33,26,45,25
용신동_013_1,15,23,32,37,27,40
용신동_014_1,23,23,11,30,36,25
용신동_018_1,18,6,10,15,18,15
용신동_024_1,25,27,16,27,53,38
용신동_035_1,5,10,6,36,49,16
용신동_036_1,10,6,6,19,7,6
용신동_040_1,24,12,7,25,18,14
용신동_042_1,6,3,4,13,6,8
용신동_042_2,14,4,12,34,13,11
용신동_044_1,13,8,19,19,14,13
용신동_044_2,18,12,8,20,17,19
용신동_047_1,19,28,37,31,48,25
용신동_052_1,63,25,15,50,59,34
용신동_053_1,41,24,16,14,30,11
용신동_060_1,58,16,16,30,54,38
우이동_017_1,0,0,2,2,6,0
우이동_019_1,2,4,5,6,15,14
우이동_019_2,10,8,16,12,15,11
우이동_026_1,2,4,6,0,10,10
우이동_031_1,0,0,2,0,0,2
우이동_034_1,8,2,7,8,12,5
우장산동_006_1,19,7,12,8,13,15
우장산동_010_1,28,6,10,21,17,26
우장산동_010_2,77,34,60,104,154,95
우장산동_011_1,26,4,4,5,21,12
우장산동_017_1,17,11,7,22,37,22
우장산동_024_1,8,0,2,4,7,5
우장산동_027_1,12,0,0,2,4,0
우장산동_029_1,74,0,11,16,33,12
우장산동_044_1,53,22,11,60,49,83
우장산동_082_1,28,25,28,57,52,34
원효로1동_012_1,11,14,7,6,9,1
원효로1동_017_1,9,5,5,2,17,4
원효로1동_018_1,12,6,4,18,12,6
원효로1동_019_1,18,8,4,8,20,10
원효로1동_020_1,19,9,8,18,11,17
원효로2동_003_1,24,11,12,12,27,10
원효로2동_013_1,25,6,7,9,20,5
원효로2동_025_1,17,19,16,28,29,9
원효로2동_025_2,4,3,11,6,12,4
원효로2동_025_4,6,12,12,9,12,7
원효로2동_026_1,6,0,0,1,13,2
월계1동_008_1,2,11,9,3,3,0
월계1동_011_1,44,51,71,55,115,104
월계1동_015_1,22,27,44,90,60,39
월계1동_015_2,20,20,30,54,40,46
월계1동_017_1,23,16,6,38,37,44
월계1동_026_1,37,18,20,33,22,40
월계1동_036_1,5,6,9,19,17,18
월계2동_002_1,17,4,11,23,21,16
월계2동_003_1,6,11,13,7,6,9
월계2동_003_2,4,3,8,8,11,6
월계2동_012_1,10,12,22,22,41,29
월계2동_014_1,8,4,4,9,12,7
월계2동_014_2,18,6,3,31,1,1
월계2동_014_3,20,9,17,40,10,16
월계2동_014_4,4,0,2,14,8,4
월계2동_021_1,13,4,3,8,6,10
월계2동_032_1,10,8,5,7,6,2
월계2동_043_1,29,9,6,36,13,25
월계2동_055_1,10,9,8,29,7,7
월계3동_001_1,6,12,23,52,33,38
월계3동_001_2,18,6,17,11,18,18
월계3동_001_3,11,7,6,11,11,4
월계3동_001_4,22,9,17,22,26,18
월계3동_003_1,22,16,22,19,33,38
월곡1동_004_1,14,9,3,27,10,11
월곡1동_006_1,14,12,24,17,21,14
월곡1동_008_1,28,8,8,5,11,2
월곡1동_039_1,10,10,14,6,24,14
월곡2동_015_1,38,19,41,28,50,42
월곡2동_024_1,12,10,5,8,17,12
월곡2동_026_1,17,11,6,11,21,8
월곡2동_027_1,21,17,5,6,27,8
월곡2동_030_1,27,14,9,15,57,22
월곡2동_032_1,0,4,2,9,17,4
월곡2동_032_2,0,0,2,4,12,4
월곡2동_032_3,2,2,12,24,9,3
위례동_008_1,28,4,5,5,12,4
위례동_013_1,24,8,16,25,69,20
위례동_013_3,10,7,1,10,12,0
위례동_013_4,6,6,6,4,2,4
위례동_013_5,17,10,4,8,12,17
위례동_013_6,0,0,0,5,9,2
위례동_014_1,30,20,25,26,56,9
위례동_014_2,10,13,21,15,18,21
위례동_014_3,9,4,5,8,15,7
위례동_015_1,8,0,11,9,8,0
위례동_016_1,10,14,8,15,3,6
위례동_016_2,11,2,0,0,0,1
위례동_020_1,11,2,4,0,7,4
위례동_028_1,18,8,10,2,7,7
위례동_034_1,25,14,11,12,16,24
위례동_040_1,21,12,13,10,8,6
위례동_044_1,26,2,8,8,6,4
위례동_057_1,15,3,2,5,5,2
위례동_057_2,23,10,3,13,21,14
위례동_071_1,15,7,24,13,19,52
은천동_007_1,20,11,13,3,23,30
은천동_022_1,24,9,5,6,13,9
은천동_028_1,56,12,12,19,32,61
은천동_065_1,14,13,7,2,18,20
은천동_066_1,8,10,18,22,16,22
은천동_067_1,2,2,5,6,15,4
은천동_067_2,2,1,2,5,8,12
은천동_068_1,8,2,0,6,10,4
을지로동_001_1,21,16,29,46,52,16
을지로동_001_4,10,4,12,4,8,4
을지로동_001_5,11,11,19,15,30,4
을지로동_001_6,4,7,11,22,15,13
을지로동_002_1,8,3,1,2,8,6
을지로동_002_2,6,12,6,8,8,2
을지로동_003_1,4,14,13,18,17,4
을지로동_003_2,35,23,26,57,21,12
응봉동_001_1,6,2,6,2,17,7
응봉동_003_1,68,26,30,46,48,34
응봉동_010_1,10,10,10,10,20,16
응암1동_006_1,7,9,5,20,27,6
응암1동_023_1,26,29,29,59,88,79
응암1동_023_2,8,20,25,34,50,45
응암1동_028_1,12,12,12,16,32,6
응암1동_030_1,13,20,14,27,35,25
응암1동_031_2,39,8,3,10,16,22
응암1동_032_1,12,18,16,16,30,12
응암1동_038_1,6,0,0,7,7,8
응암1동_055_1,23,11,14,11,13,8
응암1동_059_1,24,12,23,23,61,27
응암2동_005_1,14,6,4,5,3,8
응암2동_008_1,7,3,10,12,15,5
응암2동_015_1,21,7,4,10,8,12
응암2동_031_1,23,11,6,10,9,3
응암2동_050_1,10,10,4,7,10,5
응암3동_002_1,11,21,10,19,38,25
응암3동_002_2,24,24,45,44,69,44
응암3동_007_1,53,30,26,41,44,28
응암3동_023_1,48,14,9,30,20,23
이문1동_013_1,2,2,4,4,2,6
이문1동_026_1,20,18,21,38,32,59
이문1동_032_1,23,14,11,17,14,29
이문2동_017_1,14,8,1,9,23,17
이문2동_025_1,8,7,4,10,27,16
이문2동_025_3,8,8,6,12,14,10
이문2동_031_1,16,4,4,6,11,13
이촌1동_001_1,4,5,2,3,5,7
이촌1동_001_2,0,0,2,6,23,11
이촌1동_006_1,16,17,13,12,31,13
이촌1동_016_1,8,6,7,13,15,5
이촌1동_033_1,15,5,12,24,9,23
이촌1동_035_1,27,7,22,22,51,11
이촌2동_003_1,32,10,17,10,15,16
이촌2동_012_1,2,9,23,103,86,29
이태원1동_002_1,2,0,8,17,20,7
이태원1동_004_2,2,7,11,13,24,7
이태원1동_006_1,0,0,0,0,4,4
이태원1동_006_2,6,6,3,10,19,10
이태원2동_009_1,0,4,0,4,2,2
이화동_002_1,12,7,3,4,6,4
이화동_009_1,30,29,22,47,43,37
이화동_009_2,15,22,33,24,43,13
이화동_014_1,22,25,12,17,24,10
이화동_014_2,23,11,20,62,34,14
인수동_023_1,10,14,16,22,15,21
인수동_025_1,8,8,11,6,19,12
인수동_035_1,20,16,23,24,21,22
인헌동_028_1,6,6,6,12,26,6
인헌동_036_1,6,0,9,5,8,16
일원1동_012_1,9,4,3,27,13,0
일원1동_012_2,5,3,2,18,12,4
일원1동_012_3,37,8,10,13,18,8
일원1동_016_1,16,2,6,15,31,6
일원1동_018_2,21,4,6,46,16,5
일원본동_003_1,5,7,4,8,0,4
일원본동_029_1,13,6,7,5,15,2
일원본동_036_1,10,7,3,11,13,12
일원본동_042_1,4,0,4,9,5,14
자양1동_007_1,54,19,5,13,39,48
자양1동_017_1,50,10,10,21,52,49
자양1동_023_1,45,41,40,45,67,66
자양1동_028_1,23,20,25,30,32,40
자양1동_036_1,31,17,32,13,41,34
자양2동_003_1,11,23,6,26,34,8
자양2동_015_1,64,15,13,31,24,23
자양2동_015_2,67,14,17,17,44,21
자양2동_016_1,61,9,9,18,23,16
자양2동_021_2,91,16,11,31,52,41
자양2동_032_1,48,7,21,16,44,26
자양3동_002_1,48,37,24,29,48,54
자양3동_007_1,42,10,12,25,15,22
자양3동_010_1,12,8,13,17,13,17
자양3동_013_1,33,59,77,82,125,64
자양3동_013_2,42,26,16,34,34,44
자양3동_029_1,24,21,20,24,38,35
자양3동_030_1,22,8,12,27,19,18
자양3동_036_1,76,57,91,223,298,165
자양4동_004_1,17,14,9,16,28,20
자양4동_009_1,37,51,48,57,128,129
자양4동_013_1,30,21,15,21,28,29
잠실2동_004_1,28,22,21,49,31,27
잠실2동_007_1,14,16,17,31,29,23
잠실2동_018_1,40,20,28,22,40,24
잠실2동_032_1,2,2,6,5,7,10
잠실2동_038_1,38,5,14,17,27,19
잠실2동_050_1,38,8,3,18,48,41
잠실2동_058_1,36,31,56,63,123,81
잠실3동_006_1,106,47,27,13,47,8
잠실3동_017_1,26,22,27,35,86,70
잠실3동_028_1,23,11,14,34,62,18
잠실3동_028_2,8,22,37,62,66,41
잠실3동_029_1,20,23,15,16,25,13
잠실3동_034_1,27,29,18,39,45,44
잠실3동_049_1,23,21,44,48,68,42
잠실3동_053_2,8,6,11,11,27,3
잠실3동_053_3,39,28,23,36,47,47
잠실3동_061_1,39,17,28,43,53,56
잠실4동_003_1,54,30,20,19,72,9
잠실4동_003_2,6,0,2,10,11,31
잠실4동_003_3,8,0,2,4,10,6
잠실4동_003_4,80,47,27,54,121,39
잠실4동_027_1,12,19,23,37,90,51
잠실4동_027_2,1,20,17,31,68,19
잠실4동_027_3,44,26,20,24,41,5
잠실4동_039_1,32,19,11,24,18,12
잠실6동_001_1,44,41,32,49,71,63
잠실6동_001_3,50,66,81,140,210,37
잠실6동_001_4,15,26,27,101,205,52
잠실6동_001_5,13,25,40,53,73,46
잠실6동_001_7,109,85,89,180,301,94
잠실6동_004_1,16,40,47,82,208,97
잠실6동_017_1,32,21,23,27,46,5
잠실7동_001_1,11,4,10,25,66,44
잠실7동_001_2,19,12,1,18,43,31
잠실7동_003_1,50,16,28,28,34,28
잠실본동_004_1,18,23,40,48,71,60
잠실본동_006_1,53,12,27,10,37,19
잠실본동_018_1,47,46,15,4,36,34
잠실본동_035_1,18,16,11,8,9,4
잠실본동_036_1,41,8,18,27,35,29
잠원동_008_1,7,14,17,32,39,17
잠원동_013_1,22,16,8,22,17,7
잠원동_026_1,15,4,3,21,28,21
잠원동_042_1,4,11,7,14,12,2
잠원동_049_1,17,3,14,16,24,16
잠원동_050_1,13,9,15,16,37,10
장안1동_003_1,54,24,13,21,31,33
장안1동_013_1,35,25,21,17,46,26
장안1동_042_1,38,26,23,15,26,38
장안1동_069_1,73,20,9,14,25,29
장안1동_070_1,76,23,23,41,42,43
장안2동_019_1,7,12,0,14,17,20
장안2동_019_2,26,12,7,19,17,35
장안2동_036_1,41,29,39,40,67,88
장안2동_062_1,27,9,11,30,31,30
장위1동_044_1,24,8,4,8,6,16
장위2동_005_1,15,28,46,33,62,40
장위3동_006_1,24,14,4,2,10,10
장위3동_007_1,44,5,21,2,10,6
장위3동_010_1,22,12,8,11,16,13
장위3동_012_1,37,12,9,7,19,4
장위3동_018_1,5,15,4,2,4,2
장위3동_029_2,13,22,22,12,21,18
장지동_007_1,14,6,0,0,10,8
장지동_007_2,22,16,13,28,26,9
장지동_008_1,25,12,14,18,31,26
장지동_008_2,34,11,5,13,9,14
장지동_010_1,21,9,8,23,66,13
장지동_017_1,12,6,6,12,5,7
장지동_017_2,0,2,4,2,4,4
장지동_027_1,8,8,4,11,22,15
장지동_044_1,27,4,9,7,5,8
장지동_044_2,6,6,6,2,2,6
장지동_051_1,15,11,12,20,49,23
장지동_056_1,29,9,5,34,33,10
장지동_058_1,6,22,9,7,12,4
장충동_003_1,1,8,3,3,17,0
장충동_007_1,7,3,12,4,8,10
장충동_008_1,10,5,15,12,14,6
장충동_008_2,0,0,0,2,0,0
전농1동_001_1,11,29,17,50,37,38
전농1동_003_2,37,21,13,15,37,15
전농1동_012_1,16,8,3,9,10,6
전농1동_034_1,12,6,4,6,9,7
전농1동_054_1,32,16,12,12,12,12
전농1동_059_1,47,15,10,13,21,18
전농2동_003_1,19,8,2,3,5,3
전농2동_004_1,1,5,2,4,0,6
전농2동_005_1,25,23,7,17,21,29
전농2동_007_1,0,4,19,5,12,10
전농2동_007_2,5,8,5,20,4,6
전농2동_007_3,4,0,1,15,6,8
전농2동_007_4,2,3,13,16,19,9
전농2동_007_5,4,6,5,14,13,8
전농2동_008_1,21,5,11,9,19,19
전농2동_024_1,20,2,4,4,10,6
전농2동_028_1,7,4,7,2,2,6
정릉1동_018_1,8,6,7,7,4,4
정릉1동_019_1,16,2,4,4,0,6
정릉2동_025_1,11,1,1,11,15,5
정릉2동_045_1,5,3,2,0,4,0
정릉3동_004_1,0,2,5,1,0,2
정릉3동_010_1,2,4,2,2,3,3
정릉4동_001_1,4,0,5,3,2,10
정릉4동_006_1,5,5,3,3,4,6
제기동_025_1,21,7,12,19,30,21
제기동_028_1,16,6,7,9,6,12
제기동_030_1,10,4,10,2,4,8
제기동_032_1,47,42,21,32,45,41
제기동_037_1,26,8,4,8,11,13
제기동_043_1,10,12,16,48,37,29
제기동_048_1,10,13,15,10,11,21
조원동_015_1,34,10,8,10,13,11
조원동_015_4,35,17,14,12,19,25
조원동_015_5,24,10,5,12,20,21
조원동_019_1,74,56,55,81,125,77
조원동_024_1,16,24,16,7,61,46
"종로1,2,3,4가동_001_2",0,11,10,18,19,8
"종로1,2,3,4가동_001_3",16,19,15,28,12,12
"종로1,2,3,4가동_002_1",18,16,12,27,38,9
"종로1,2,3,4가동_002_2",23,19,13,23,27,15
"종로1,2,3,4가동_002_3",10,19,18,17,16,10
"종로1,2,3,4가동_002_4",12,22,24,42,24,0
"종로1,2,3,4가동_003_2",26,31,36,65,49,7
"종로1,2,3,4가동_003_3",31,27,23,37,44,34
"종로1,2,3,4가동_003_4",12,24,28,77,101,28
"종로1,2,3,4가동_003_5",6,17,16,24,67,12
"종로1,2,3,4가동_003_7",13,11,27,24,57,12
"종로1,2,3,4가동_003_8",8,13,37,39,27,4
"종로1,2,3,4가동_003_9",8,20,11,28,60,17
"종로1,2,3,4가동_004_1",3,6,1,5,4,7
"종로1,2,3,4가동_004_2",1,4,24,10,12,7
"종로1,2,3,4가동_004_3",11,5,20,28,30,12
"종로1,2,3,4가동_004_4",17,21,27,26,20,19
"종로1,2,3,4가동_004_5",29,37,49,76,31,20
"종로1,2,3,4가동_005_1",6,12,21,32,84,15
"종로1,2,3,4가동_005_2",11,9,13,25,18,22
"종로1,2,3,4가동_005_3",8,6,16,18,33,27
"종로1,2,3,4가동_005_4",6,6,16,16,14,18
"종로1,2,3,4가동_005_5",9,11,40,21,49,8
"종로1,2,3,4가동_005_6",11,9,18,12,23,17
"종로1,2,3,4가동_006_2",16,17,19,30,22,14
"종로1,2,3,4가동_007_1",58,49,42,73,70,26
"종로1,2,3,4가동_009_2",34,30,29,30,9,10
"종로1,2,3,4가동_010_1",1,4,9,12,15,25
"종로5,6가동_002_1",33,13,6,19,16,15
"종로5,6가동_007_1",17,9,6,10,8,16
"종로5,6가동_009_1",11,17,14,21,24,11
"종로5,6가동_009_2",6,27,15,28,34,8
"종로5,6가동_010_1",11,40,52,85,43,19
"종로5,6가동_010_2",10,19,13,12,27,17
"종로5,6가동_010_3",5,38,34,35,33,11
"종로5,6가동_010_4",12,13,20,13,27,7
"종로5,6가동_010_5",4,5,5,0,2,0
"종로5,6가동_010_6",21,12,15,13,25,16
종암동_008_1,2,2,0,13,5,4
종암동_008_2,15,6,5,6,29,15
종암동_012_1,31,11,12,36,37,43
종암동_029_1,41,10,12,9,13,7
종암동_046_1,23,32,15,11,31,26
중계1동_002_1,53,12,17,30,39,39
중계1동_020_1,2,12,8,24,33,53
중계1동_020_2,14,9,19,26,38,102
중계1동_021_1,30,22,21,17,28,28
중계1동_025_1,14,2,8,9,13,12
중계1동_025_2,28,1,1,12,12,2
중계1동_025_3,26,15,10,35,28,38
중계1동_025_4,15,6,10,21,17,31
중계1동_025_5,25,11,11,23,12,10
중계1동_050_1,5,4,4,4,8,31
중계1동_052_1,26,23,17,21,19,18
"중계2,3동_011_1",9,25,38,72,56,70
"중계2,3동_015_1",28,20,21,29,51,53
"중계2,3동_030_1",30,12,8,15,1,8
"중계2,3동_045_1",34,19,27,34,49,35
"중계2,3동_046_1",29,17,27,76,71,54
"중계2,3동_046_2",10,13,33,23,14,13
"중계2,3동_047_1",66,34,25,59,72,32
"중계2,3동_049_1",112,18,32,62,64,66
중계4동_002_1,19,20,10,8,6,9
중계4동_011_1,16,4,2,14,2,12
중계4동_018_1,20,14,8,17,28,35
중계4동_022_1,10,2,4,16,24,10
중계4동_034_1,2,6,10,21,15,4
중계본동_004_1,6,6,19,33,21,11
중계본동_004_2,9,5,2,2,2,8
중계본동_007_1,54,4,7,19,18,36
중계본동_007_2,38,6,9,14,26,17
중계본동_026_1,10,4,11,32,45,18
중곡1동_005_1,31,18,15,25,28,49
중곡1동_015_1,60,49,31,31,89,36
중곡1동_022_1,38,22,15,23,25,19
중곡3동_006_2,9,14,11,22,32,24
중곡3동_013_1,22,19,12,12,40,17
중곡3동_013_2,29,12,11,7,24,21
중곡4동_017_1,10,3,3,22,4,6
중곡4동_054_1,11,2,8,7,6,4
중림동_001_1,18,2,0,4,14,4
중림동_001_2,20,2,4,5,5,0
중림동_001_3,9,5,4,0,8,2
중림동_001_4,4,0,0,2,0,0
중림동_004_1,26,0,0,0,6,8
중림동_005_1,9,9,5,8,14,3
중림동_006_1,18,2,5,6,4,7
중림동_011_1,4,2,4,0,6,4
중림동_017_1,34,6,1,19,14,14
중앙동_009_1,30,12,3,9,23,37
중앙동_022_1,6,6,4,8,11,9
중앙동_022_2,22,2,9,8,8,21
중앙동_028_1,4,0,2,6,12,8
중앙동_029_1,6,4,10,20,34,16
중화1동_001_1,17,5,12,34,21,31
중화1동_008_1,16,10,13,11,8,10
중화1동_028_1,12,4,5,26,17,8
중화2동_009_1,17,5,8,15,22,11
중화2동_012_1,4,6,3,17,19,19
중화2동_012_2,26,12,14,10,34,42
중화2동_018_1,4,10,7,11,18,16
중화2동_023_1,4,5,8,27,22,12
중화2동_027_1,32,21,17,14,33,37
중화2동_033_1,17,10,20,10,37,28
중화2동_040_1,23,22,1,24,16,12
증산동_004_1,17,14,10,29,68,32
증산동_011_1,15,16,14,25,29,23
증산동_030_1,4,10,8,18,6,2
진관동_001_1,1,1,3,3,0,0
진관동_001_2,2,4,0,2,13,7
진관동_001_5,6,6,0,0,3,9
진관동_002_1,2,1,3,4,4,4
진관동_002_2,0,1,1,4,0,0
진관동_003_1,13,1,4,0,4,6
진관동_003_2,4,0,0,1,1,2
진관동_003_3,8,12,10,12,6,6
진관동_004_1,6,2,0,0,0,2
진관동_004_2,5,4,7,4,4,6
진관동_004_3,6,2,0,2,3,3
진관동_004_4,2,8,6,12,6,2
진관동_005_1,4,4,4,2,4,0
진관동_006_1,8,16,8,8,8,2
진관동_011_1,4,2,6,22,16,6
진관동_011_3,10,15,15,40,75,55
진관동_014_1,2,10,14,4,5,7
진관동_020_1,4,0,4,6,2,6
진관동_025_1,0,0,1,9,13,7
진관동_028_1,9,8,6,3,3,5
진관동_034_1,13,3,2,0,8,4
진관동_045_1,0,0,2,2,2,2
진관동_049_1,18,8,2,8,11,3
진관동_062_1,14,12,12,13,19,10
진관동_076_1,14,8,2,0,6,8
진관동_090_1,0,0,0,2,0,0
진관동_105_1,4,0,0,0,1,1
진관동_106_1,0,0,0,8,2,2
진관동_108_1,4,12,8,6,30,20
창1동_012_1,18,8,8,8,4,12
창1동_015_1,8,4,12,16,10,6
창1동_015_2,6,0,5,5,2,4
창1동_018_2,4,9,20,23,42,28
창1동_041_1,20,4,9,9,9,1
창2동_014_1,16,22,24,13,26,21
창2동_014_3,12,10,15,33,39,33
창2동_033_1,31,32,21,25,29,18
창2동_043_1,12,3,9,16,10,14
창3동_010_1,20,6,2,2,9,9
창3동_011_1,22,16,12,16,14,12
창4동_001_1,2,4,17,28,33,26
창4동_001_3,24,7,9,20,21,25
창4동_001_5,7,8,7,31,23,18
창4동_001_6,39,26,46,71,138,86
창4동_009_1,25,10,14,25,19,13
창4동_038_1,30,10,11,19,14,32
창4동_038_2,12,27,17,45,29,14
창4동_041_1,18,2,3,16,9,4
창4동_043_1,30,22,15,17,43,23
창4동_048_1,22,21,5,13,18,17
창5동_002_2,4,0,5,7,2,2
창5동_002_3,7,6,20,35,36,28
창5동_005_1,6,2,5,10,7,20
창5동_005_2,10,0,4,2,6,0
창5동_006_1,21,21,24,27,39,12
창5동_012_1,7,12,9,26,22,34
창5동_016_1,10,6,0,17,8,11
창5동_030_1,32,22,14,19,26,23
창신1동_005_1,4,1,1,4,2,2
창신1동_007_1,14,18,14,27,28,33
창신1동_008_1,17,19,17,23,26,42
창신3동_003_1,22,8,2,7,1,8
창신3동_003_2,0,0,2,1,5,2
창신3동_006_1,25,6,6,8,14,17
창신3동_012_1,2,8,1,17,6,0
천연동_027_2,30,0,2,6,12,6
천호1동_006_1,13,6,4,11,11,19
천호1동_023_1,44,44,53,55,69,47
천호2동_005_1,24,10,10,13,11,18
천호2동_008_1,22,10,9,14,25,8
천호2동_019_1,22,11,34,19,53,79
천호2동_026_1,26,8,2,8,6,14
천호2동_029_2,42,37,56,96,145,92
천호2동_037_1,18,16,19,25,48,26
천호2동_041_1,51,15,36,29,35,20
천호2동_041_2,14,12,10,16,19,17
천호3동_001_1,16,11,16,9,25,33
천호3동_020_1,31,5,9,17,29,23
천호3동_021_1,6,8,5,8,5,14
천호3동_039_1,50,20,0,23,16,25
천호3동_040_1,43,28,15,25,51,32
청담동_001_1,4,2,4,10,2,2
청담동_004_1,2,4,6,13,25,12
청담동_009_1,2,0,4,10,34,8
청담동_020_1,1,1,2,9,7,2
청담동_022_1,11,4,11,15,11,8
청담동_023_1,0,0,0,4,3,5
청담동_025_1,16,4,0,4,8,4
청담동_031_1,4,2,0,14,13,5
청담동_038_1,2,4,0,1,8,7
청담동_044_1,2,6,4,9,7,8
청량리동_003_1,13,4,13,13,17,10
청량리동_003_2,0,4,10,4,7,9
청량리동_003_3,12,7,12,30,21,16
청량리동_008_1,15,1,1,8,10,9
청량리동_009_3,11,11,30,16,24,16
청량리동_009_5,24,19,36,42,57,34
청량리동_009_6,13,5,12,24,23,7
청량리동_017_1,18,15,16,20,25,14
청룡동_006_1,4,9,2,6,4,9
청룡동_017_1,9,3,6,15,17,10
청룡동_021_1,4,4,10,14,4,6
청룡동_031_1,10,8,8,15,21,28
청룡동_032_1,11,4,1,5,12,21
청룡동_069_1,3,10,10,11,23,13
청룡동_069_2,4,0,6,10,12,12
청운효자동_001_1,20,6,7,18,5,4
청운효자동_002_1,15,3,2,28,9,9
청운효자동_004_1,19,6,6,8,11,4
청운효자동_018_1,33,8,5,18,26,14
청파동_009_1,6,4,4,19,17,26
청파동_011_1,26,10,13,9,21,17
청파동_016_1,8,4,4,6,17,7
청파동_019_1,10,7,14,16,17,24
충현동_003_1,6,6,2,0,3,5
충현동_005_1,5,8,5,17,34,13
충현동_013_1,17,6,6,16,29,22
충현동_036_1,10,8,11,6,23,2
충현동_036_2,8,7,5,13,5,0
충현동_036_3,6,14,6,8,9,5
충현동_037_1,16,2,2,7,9,2
충현동_037_2,13,11,7,8,9,6
충현동_037_3,4,2,4,4,2,0
충현동_038_1,0,0,4,2,7,3
평창동_009_1,6,2,0,2,3,3
평창동_011_1,8,0,0,2,2,0
평창동_016_1,2,0,3,1,6,0
평창동_025_1,2,2,2,8,2,0
풍납1동_002_1,91,5,14,22,49,37
풍납1동_002_2,28,13,32,25,51,31
풍납1동_003_1,53,24,48,41,110,64
풍납1동_009_1,10,5,7,16,16,8
풍납2동_001_1,24,25,9,44,27,37
풍납2동_010_1,10,6,3,22,16,9
풍납2동_010_2,28,25,8,9,22,10
풍납2동_024_1,61,38,35,36,52,38
풍납2동_044_1,42,21,13,16,27,11
풍납2동_049_2,4,2,1,11,10,10
풍납2동_049_3,44,21,40,281,96,34
풍납2동_049_5,2,10,9,12,17,2
풍납2동_051_1,24,25,18,19,31,31
필동_003_1,4,1,5,8,0,0
필동_004_1,9,16,11,14,9,7
필동_005_1,16,18,15,21,21,17
필동_005_2,10,4,16,22,10,10
하계1동_001_1,6,0,2,23,3,6
하계1동_005_1,20,17,10,35,34,8
하계1동_020_1,33,24,31,50,10,26
하계1동_023_1,5,5,4,38,11,19
하계1동_033_1,12,7,18,20,23,16
하계1동_040_1,5,33,59,67,54,18
하계1동_041_1,21,16,21,46,23,27
하계1동_043_1,10,12,10,57,26,21
하계2동_003_1,53,20,10,23,22,8
하계2동_004_1,39,19,20,21,48,23
하계2동_040_1,19,19,10,18,16,16
하계2동_044_1,24,20,3,25,18,16
하계2동_044_2,7,5,10,8,21,21
한강로동_001_1,8,9,9,15,39,14
한강로동_002_1,5,1,4,2,4,4
한강로동_002_2,8,4,2,5,7,10
한강로동_004_1,33,11,13,25,37,13
한강로동_005_1,4,4,4,13,3,2
한강로동_009_1,12,11,16,10,31,6
한강로동_010_1,3,5,9,20,30,7
한강로동_010_2,8,6,6,4,27,11
한강로동_010_3,2,2,8,4,2,0
한강로동_010_4,13,9,26,20,10,16
한강로동_012_1,28,18,28,78,59,69
한강로동_013_1,22,8,22,29,58,53
한강로동_015_1,21,14,14,28,33,28
한강로동_015_2,22,2,16,16,24,14
한강로동_025_1,8,15,27,42,41,13
한강로동_025_2,7,12,22,54,69,24
한강로동_026_1,4,8,5,10,9,16
한강로동_027_2,2,2,6,2,14,2
한강로동_027_3,19,21,8,15,27,18
한강로동_030_1,6,4,6,4,4,12
한강로동_032_1,0,3,5,2,0,4
한강로동_035_1,4,6,2,2,17,9
한남동_001_1,4,0,3,7,8,0
한남동_001_2,0,4,6,13,16,7
한남동_001_4,0,2,0,0,6,6
한남동_001_5,1,0,6,13,7,7
한남동_011_1,2,2,3,9,5,3
한남동_020_2,6,16,2,10,4,6
한남동_023_1,3,7,4,18,20,10
한남동_024_1,2,2,7,12,27,16
한남동_030_1,11,1,10,23,43,14
한남동_037_1,7,5,4,11,9,10
합정동_001_1,12,1,6,10,16,5
합정동_001_3,12,7,18,37,28,10
합정동_006_1,12,18,37,48,64,45
합정동_023_1,0,7,13,14,23,23
합정동_023_2,15,23,19,54,60,41
합정동_025_1,9,13,23,42,47,12
항동_001_1,3,5,6,9,9,2
항동_001_2,7,3,1,2,4,3
항동_003_1,2,0,1,7,2,2
항동_005_1,0,2,0,3,7,2
항동_007_1,4,2,0,0,2,2
항동_009_1,4,0,0,0,2,0
항동_015_1,0,0,2,2,4,0
항동_015_2,4,2,4,2,0,4
항동_015_3,2,2,0,3,7,2
항동_016_2,0,2,4,2,0,0
항동_016_4,6,6,0,7,9,2
항동_017_1,7,4,6,2,6,1
항동_019_1,8,2,0,0,0,0
항동_021_1,2,6,0,1,2,1
항동_028_1,11,1,0,1,7,4
행당1동_001_1,16,12,25,11,44,20
행당1동_001_2,17,9,12,26,68,52
행당1동_004_1,0,0,0,0,2,6
행당1동_007_1,13,9,20,28,30,22
행당1동_014_1,8,6,17,8,19,24
행당1동_023_1,20,2,4,4,7,11
행당2동_005_1,5,3,8,8,12,2
행운동_002_1,0,4,0,2,12,8
행운동_003_2,2,0,6,6,6,10
행운동_038_1,0,0,2,4,2,6
혜화동_002_1,16,6,15,15,32,10
혜화동_005_1,4,4,6,8,8,6
혜화동_015_1,35,22,21,33,26,43
혜화동_027_1,9,19,10,24,18,28
혜화동_028_1,46,34,10,16,16,22
혜화동_032_1,28,18,22,42,30,26
혜화동_032_2,8,2,6,0,8,8
혜화동_033_1,7,2,1,6,14,20
홍은1동_005_1,10,2,5,13,12,8
홍은1동_009_1,12,1,3,4,6,4
홍은1동_045_1,3,1,4,6,4,4
홍은2동_012_1,6,6,15,12,18,5
홍은2동_025_1,15,4,4,3,3,3
홍은2동_025_2,18,14,3,15,20,4
홍은2동_026_1,25,17,14,14,21,13
홍은2동_032_1,6,10,4,10,18,4
홍은2동_032_2,14,5,11,19,7,18
홍은2동_033_1,18,14,4,19,16,9
홍은2동_033_2,10,6,2,0,7,5
홍은2동_035_1,45,37,46,44,69,41
홍은2동_042_1,6,6,12,12,14,12
홍은2동_050_1,18,7,6,6,10,9
홍제1동_033_1,0,0,0,0,2,4
홍제2동_004_1,4,0,2,4,4,4
홍제2동_006_1,6,2,6,10,18,18
홍제3동_011_1,37,13,15,22,31,28
화곡1동_006_1,30,16,22,16,16,26
화곡1동_012_1,15,3,9,14,21,24
화곡1동_012_2,20,14,4,26,24,26
화곡1동_047_1,15,13,12,10,19,25
화곡1동_055_1,8,6,20,13,12,25
화곡1동_072_1,3,21,12,2,12,6
화곡2동_028_1,30,12,9,10,16,13
화곡3동_015_1,14,9,19,37,11,34
화곡3동_021_1,8,6,3,14,35,24
화곡3동_040_1,16,0,10,32,29,31
화곡4동_013_1,48,29,17,38,39,35
화곡6동_014_1,110,51,17,38,79,67
화곡6동_024_1,101,26,29,68,93,67
화곡6동_027_1,95,45,40,43,75,36
화곡6동_033_1,12,8,3,5,4,0
화곡8동_037_1,39,16,13,17,29,26
화곡본동_015_1,13,7,6,17,32,31
화곡본동_015_2,36,2,10,5,7,24
화곡본동_019_1,4,0,6,10,11,13
화곡본동_040_1,30,0,6,9,18,7
화양동_001_1,20,53,35,32,50,38
화양동_002_1,21,13,15,49,40,46
화양동_008_1,4,8,16,35,23,10
화양동_008_2,68,52,64,79,112,79
화양동_008_3,6,34,48,55,43,16
화양동_008_4,19,104,51,42,37,39
화양동_008_5,2,24,18,42,17,21
화양동_008_6,6,42,78,131,92,35
화양동_038_1,14,38,8,7,19,8
화양동_038_2,44,37,14,40,58,33
화양동_040_1,65,21,20,25,32,45
화양동_046_1,73,65,46,60,86,74
황학동_015_1,39,32,52,56,65,92
황학동_017_1,20,17,22,31,61,27
회기동_004_1,2,9,17,54,20,16
회기동_020_1,21,16,15,21,17,38
회현동_001_1,6,0,4,11,3,6
회현동_001_3,12,4,11,10,18,39
회현동_003_3,24,6,3,15,44,8
회현동_003_5,2,1,1,6,2,2
회현동_003_6,28,8,5,12,43,22
회현동_004_1,0,3,5,4,4,0
회현동_004_2,3,3,8,6,12,2
회현동_009_1,0,6,6,6,12,14
효창동_004_1,0,0,0,4,8,6
효창동_011_1,4,8,4,8,1,3
후암동_020_1,10,4,3,2,10,7
후암동_024_1,0,0,0,2,17,9
휘경1동_002_1,15,8,11,22,39,19
휘경1동_002_2,16,12,6,22,16,18
휘경1동_002_3,5,1,1,5,7,9
휘경1동_017_1,12,7,9,30,23,21
휘경2동_001_1,2,6,2,25,5,2
휘경2동_001_2,10,10,11,9,15,11
휘경2동_007_1,26,16,8,17,19,12
휘경2동_022_1,36,28,44,60,59,57
휘경2동_024_1,0,0,2,6,2,2
휘경2동_039_1,7,12,11,19,28,9
휘경2동_044_1,17,17,8,16,38,32
흑석동_009_1,20,10,42,45,77,28
흑석동_009_2,6,2,4,1,1,4
흑석동_014_1,14,6,14,8,16,16
흑석동_021_1,2,0,1,1,4,4
흑석동_021_2,4,0,6,18,14,6
흑석동_024_1,18,10,3,3,7,9
흑석동_033_1,0,1,1,0,2,2
흑석동_038_1,7,7,4,2,0,2
흑석동_038_2,2,0,2,0,0,4
흑석동_058_1,10,6,8,6,4,2
