년,월,계,강남구,강동구,강북구,강서구,관악구,광진구,구로구,금천구,노원구,도봉구,동대문구,동작구,마포구,서대문구,서초구,성동구,성북구,송파구,양천구,영등포구,용산구,은평구,종로구,중구,중랑구,기타
2017,소계," 5,031,039 "," 128,535 "," 79,361 "," 31,969 "," 116,730 "," 108,948 "," 303,005 "," 83,563 "," 34,666 "," 89,262 "," 20,798 "," 242,594 "," 100,615 "," 782,544 "," 294,943 "," 142,787 "," 378,012 "," 75,552 "," 161,489 "," 75,184 "," 650,295 "," 137,720 "," 185,616 "," 488,287 "," 245,149 "," 73,415 ",
2017,1월," 84,149 ",,,,,," 5,023 ",,,,," 5,636 ", 177 ," 17,340 "," 6,453 ",," 7,810 ",,," 1,296 "," 14,160 "," 2,327 "," 4,002 "," 13,556 "," 6,369 ",,
2017,2월," 85,752 ",,,,,," 5,119 ",,,,," 5,426 ", 191 ," 17,998 "," 7,086 ",," 7,754 ",,," 1,268 "," 14,439 "," 2,814 "," 3,783 "," 13,370 "," 6,504 ",,
2017,3월," 188,767 ",,,,,," 12,678 ",,,,," 11,950 ", 383 ," 41,283 "," 15,395 ",," 17,554 ",,," 3,035 "," 32,115 "," 6,787 "," 8,454 "," 26,812 "," 12,321 ",,
2017,4월," 319,181 ",, 760 ,, 709 ,," 22,757 ",,,,," 19,393 ", 573 ," 69,200 "," 25,197 ",," 30,003 ",,," 5,476 "," 58,943 "," 11,354 "," 15,953 "," 40,142 "," 18,721 ",,
2017,5월," 451,223 ",," 7,498 ", 685 ," 10,660 ",," 31,646 ", 176 , 132 ," 4,108 ", 970 ," 26,631 ", 658 ," 90,537 "," 33,253 ",," 40,678 "," 1,508 "," 5,855 "," 7,885 "," 70,038 "," 15,959 "," 21,332 "," 52,644 "," 25,720 "," 2,650 ",
2017,6월," 536,707 "," 2,615 "," 9,710 "," 2,644 "," 14,977 "," 5,932 "," 33,811 "," 7,849 "," 2,818 "," 8,454 "," 1,933 "," 29,115 "," 4,801 "," 96,371 "," 35,143 "," 5,608 "," 44,565 "," 3,960 "," 9,022 "," 9,362 "," 77,089 "," 17,152 "," 23,120 "," 56,024 "," 28,512 "," 6,120 ",
2017,7월," 388,665 "," 8,333 "," 6,692 "," 2,296 "," 10,096 "," 8,011 "," 21,830 "," 7,351 "," 2,596 "," 5,884 "," 1,838 "," 18,423 "," 7,305 "," 62,785 "," 23,919 "," 10,984 "," 29,479 "," 5,475 "," 8,394 "," 5,804 "," 52,107 "," 10,112 "," 15,311 "," 38,878 "," 19,453 "," 5,309 ",
2017,8월," 540,559 "," 16,832 "," 9,250 "," 3,622 "," 14,448 "," 14,359 "," 30,438 "," 10,979 "," 4,278 "," 9,354 "," 2,587 "," 24,208 "," 14,106 "," 77,623 "," 28,334 "," 20,935 "," 38,608 "," 8,902 "," 16,924 "," 7,497 "," 69,129 "," 13,952 "," 19,344 "," 49,947 "," 25,617 "," 9,286 ",
2017,9월," 889,877 "," 35,588 "," 15,445 "," 7,628 "," 24,248 "," 27,876 "," 51,387 "," 20,026 "," 7,730 "," 21,854 "," 5,059 "," 37,521 "," 27,583 "," 115,734 "," 43,394 "," 37,995 "," 60,468 "," 20,247 "," 41,379 "," 12,026 "," 101,891 "," 22,982 "," 27,526 "," 70,150 "," 36,271 "," 17,869 ",
2017,10월," 863,105 "," 37,284 "," 16,641 "," 8,207 "," 25,103 "," 30,540 "," 48,207 "," 21,054 "," 8,975 "," 24,113 "," 5,411 "," 34,804 "," 26,873 "," 107,984 "," 40,820 "," 38,367 "," 55,825 "," 20,094 "," 47,812 "," 12,235 "," 88,701 "," 21,398 "," 26,340 "," 64,369 "," 33,214 "," 18,734 ",
2017,11월," 482,618 "," 20,198 "," 9,100 "," 4,855 "," 11,810 "," 16,122 "," 28,028 "," 11,282 "," 5,535 "," 11,423 "," 2,103 "," 20,892 "," 13,139 "," 60,043 "," 25,114 "," 20,634 "," 32,028 "," 10,838 "," 23,012 "," 6,683 "," 50,572 "," 9,250 "," 14,191 "," 43,086 "," 22,887 "," 9,793 ",
2017,12월," 200,436 "," 7,685 "," 4,265 "," 2,032 "," 4,679 "," 6,108 "," 12,081 "," 4,846 "," 2,602 "," 4,072 ", 897 ," 8,595 "," 4,826 "," 25,646 "," 10,835 "," 8,264 "," 13,240 "," 4,528 "," 9,091 "," 2,617 "," 21,111 "," 3,633 "," 6,260 "," 19,309 "," 9,560 "," 3,654 ",
2018,소계," 10,061,684 "," 427,050 "," 327,554 "," 167,753 "," 381,050 "," 366,488 "," 636,660 "," 335,908 "," 132,449 "," 429,336 "," 114,179 "," 357,571 "," 278,541 "," 921,837 "," 368,241 "," 449,316 "," 556,399 "," 315,564 "," 698,292 "," 251,325 "," 902,910 "," 223,344 "," 300,827 "," 570,470 "," 295,076 "," 253,544 ",
2018,1월," 164,365 "," 6,376 "," 3,511 "," 1,939 "," 3,708 "," 5,049 "," 9,608 "," 4,011 "," 2,245 "," 3,384 ", 824 ," 6,844 "," 3,632 "," 20,186 "," 8,656 "," 7,146 "," 11,088 "," 4,043 "," 7,046 "," 2,179 "," 17,420 "," 2,916 "," 4,997 "," 16,287 "," 8,310 "," 2,960 ",
2018,2월," 168,738 "," 6,623 "," 3,698 "," 2,049 "," 3,862 "," 5,055 "," 10,063 "," 4,389 "," 2,103 "," 3,803 "," 1,096 "," 6,630 "," 4,004 "," 20,137 "," 8,587 "," 7,392 "," 11,170 "," 4,362 "," 7,762 "," 2,591 "," 17,560 "," 3,305 "," 5,010 "," 15,916 "," 8,263 "," 3,308 ",
2018,3월," 462,644 "," 17,806 "," 11,466 "," 6,159 "," 10,607 "," 14,103 "," 30,664 "," 12,631 "," 5,091 "," 14,342 "," 3,858 "," 17,835 "," 11,617 "," 52,994 "," 21,411 "," 20,307 "," 30,181 "," 13,779 "," 26,122 "," 8,694 "," 45,864 "," 9,515 "," 13,913 "," 35,082 "," 18,475 "," 10,128 ",
2018,4월," 668,614 "," 24,904 "," 17,086 "," 10,060 "," 18,753 "," 21,508 "," 44,939 "," 20,134 "," 7,746 "," 25,515 "," 5,762 "," 24,430 "," 17,237 "," 70,994 "," 27,121 "," 30,126 "," 42,550 "," 19,468 "," 39,644 "," 13,784 "," 68,902 "," 15,156 "," 20,962 "," 43,097 "," 22,681 "," 16,055 ",
2018,5월," 929,170 "," 35,393 "," 27,455 "," 14,335 "," 32,941 "," 32,126 "," 61,850 "," 30,004 "," 10,429 "," 38,710 "," 9,470 "," 32,319 "," 25,466 "," 91,420 "," 34,940 "," 40,813 "," 56,775 "," 28,184 "," 64,912 "," 21,343 "," 89,255 "," 22,474 "," 27,670 "," 51,716 "," 25,861 "," 23,309 ",
2018,6월," 1,207,120 "," 49,720 "," 40,050 "," 20,847 "," 47,513 "," 46,788 "," 76,512 "," 41,887 "," 15,175 "," 50,808 "," 14,428 "," 41,767 "," 34,833 "," 109,335 "," 44,268 "," 55,164 "," 67,039 "," 37,331 "," 86,192 "," 29,470 "," 104,456 "," 29,209 "," 36,536 "," 63,313 "," 32,762 "," 31,717 ",
2018,7월," 1,100,045 "," 44,569 "," 37,224 "," 19,075 "," 46,135 "," 43,074 "," 67,797 "," 38,241 "," 15,427 "," 47,547 "," 12,860 "," 37,932 "," 31,677 "," 100,197 "," 40,662 "," 49,202 "," 58,910 "," 34,001 "," 73,038 "," 28,020 "," 96,991 "," 23,992 "," 32,972 "," 60,186 "," 30,860 "," 29,456 ",
2018,8월," 1,037,533 "," 45,297 "," 35,329 "," 18,107 "," 42,589 "," 38,922 "," 65,472 "," 35,792 "," 14,054 "," 45,979 "," 12,351 "," 35,934 "," 29,397 "," 94,062 "," 37,759 "," 44,681 "," 55,595 "," 31,582 "," 67,379 "," 26,933 "," 92,073 "," 22,937 "," 31,955 "," 58,279 "," 28,199 "," 26,876 ",
2018,9월," 1,440,828 "," 64,321 "," 51,314 "," 26,066 "," 56,717 "," 51,165 "," 92,269 "," 47,070 "," 17,988 "," 66,390 "," 17,619 "," 49,055 "," 43,069 "," 128,190 "," 46,709 "," 68,095 "," 76,707 "," 45,217 "," 108,869 "," 37,772 "," 127,467 "," 33,893 "," 42,407 "," 70,006 "," 35,380 "," 37,073 ",
2018,10월," 1,420,285 "," 67,512 "," 50,926 "," 24,650 "," 57,550 "," 53,419 "," 86,811 "," 50,246 "," 19,813 "," 63,991 "," 16,901 "," 49,591 "," 40,107 "," 120,878 "," 46,277 "," 64,969 "," 72,187 "," 45,162 "," 111,763 "," 39,329 "," 121,764 "," 31,694 "," 40,482 "," 71,299 "," 37,665 "," 35,299 ",
2018,11월," 961,528 "," 43,730 "," 32,676 "," 16,249 "," 39,350 "," 35,988 "," 59,942 "," 34,065 "," 14,457 "," 45,054 "," 12,287 "," 36,389 "," 25,193 "," 74,563 "," 33,076 "," 40,882 "," 48,873 "," 34,653 "," 71,230 "," 26,614 "," 79,583 "," 18,890 "," 27,853 "," 55,054 "," 30,312 "," 24,565 ",
2018,12월," 500,814 "," 20,799 "," 16,819 "," 8,217 "," 21,325 "," 19,291 "," 30,733 "," 17,438 "," 7,921 "," 23,813 "," 6,723 "," 18,845 "," 12,309 "," 38,881 "," 18,775 "," 20,539 "," 25,324 "," 17,782 "," 34,335 "," 14,596 "," 41,575 "," 9,363 "," 16,070 "," 30,235 "," 16,308 "," 12,798 ",
2019,소계," 19,074,794 "," 814,143 "," 674,992 "," 339,073 "," 1,181,327 "," 686,181 "," 1,208,136 "," 688,327 "," 296,491 "," 948,428 "," 318,076 "," 671,193 "," 480,400 "," 1,359,451 "," 574,682 "," 862,335 "," 910,237 "," 625,117 "," 1,602,365 "," 556,819 "," 1,569,388 "," 393,396 "," 563,992 "," 801,898 "," 459,250 "," 489,097 ",
2019,1월," 495,573 "," 20,525 "," 15,784 "," 8,333 "," 24,030 "," 19,301 "," 30,235 "," 17,513 "," 8,559 "," 22,640 "," 6,734 "," 17,660 "," 11,725 "," 37,089 "," 17,580 "," 20,469 "," 25,134 "," 16,136 "," 34,837 "," 14,286 "," 42,318 "," 9,543 "," 15,529 "," 30,813 "," 16,487 "," 12,313 ",
2019,2월," 471,542 "," 19,997 "," 15,260 "," 8,031 "," 23,278 "," 17,342 "," 28,837 "," 16,652 "," 7,673 "," 22,557 "," 7,192 "," 16,511 "," 11,776 "," 35,110 "," 16,214 "," 20,037 "," 23,900 "," 15,234 "," 35,783 "," 13,161 "," 38,035 "," 9,784 "," 15,306 "," 27,402 "," 14,740 "," 11,730 ",
2019,3월," 904,788 "," 40,663 "," 28,097 "," 15,665 "," 44,952 "," 33,868 "," 59,366 "," 30,059 "," 14,043 "," 43,592 "," 14,421 "," 32,739 "," 22,567 "," 70,815 "," 30,912 "," 38,529 "," 45,616 "," 31,564 "," 69,712 "," 23,545 "," 73,709 "," 18,244 "," 28,073 "," 46,451 "," 25,596 "," 21,990 ",
2019,4월," 1,468,880 "," 70,645 "," 45,205 "," 24,940 "," 74,407 "," 54,215 "," 97,847 "," 49,661 "," 23,375 "," 69,698 "," 22,849 "," 49,619 "," 37,131 "," 109,473 "," 46,722 "," 67,709 "," 73,372 "," 47,567 "," 123,053 "," 38,474 "," 128,901 "," 30,858 "," 41,966 "," 69,119 "," 38,375 "," 33,699 ",
2019,5월," 2,234,892 "," 101,419 "," 76,171 "," 39,528 "," 126,895 "," 84,233 "," 148,413 "," 74,943 "," 34,072 "," 113,714 "," 36,800 "," 77,041 "," 57,567 "," 163,878 "," 68,526 "," 104,642 "," 110,639 "," 71,706 "," 193,506 "," 60,503 "," 187,279 "," 47,775 "," 61,480 "," 87,870 "," 50,874 "," 55,418 ",
2019,6월," 2,293,879 "," 100,537 "," 80,913 "," 41,770 "," 146,443 "," 86,654 "," 146,471 "," 83,122 "," 35,035 "," 118,258 "," 39,999 "," 79,888 "," 58,319 "," 164,628 "," 69,917 "," 104,726 "," 106,739 "," 74,961 "," 196,305 "," 67,386 "," 183,727 "," 49,610 "," 65,221 "," 84,889 "," 50,073 "," 58,288 ",
2019,7월," 2,164,086 "," 91,865 "," 79,097 "," 39,169 "," 141,079 "," 82,260 "," 131,831 "," 81,264 "," 34,381 "," 106,320 "," 37,392 "," 77,079 "," 54,890 "," 150,573 "," 66,481 "," 99,305 "," 100,604 "," 70,066 "," 182,777 "," 64,934 "," 175,461 "," 43,373 "," 63,454 "," 84,662 "," 49,933 "," 55,836 ",
2019,8월," 2,101,184 "," 86,384 "," 78,456 "," 38,223 "," 137,934 "," 77,002 "," 132,795 "," 78,800 "," 31,937 "," 103,677 "," 35,246 "," 72,120 "," 52,025 "," 148,675 "," 61,670 "," 99,018 "," 97,816 "," 66,023 "," 177,539 "," 63,390 "," 177,412 "," 42,760 "," 63,298 "," 78,142 "," 45,921 "," 54,921 ",
2019,9월," 2,084,222 "," 86,245 "," 77,690 "," 37,894 "," 135,468 "," 70,691 "," 133,654 "," 74,217 "," 29,811 "," 105,309 "," 35,619 "," 73,567 "," 52,722 "," 144,865 "," 57,594 "," 98,127 "," 97,121 "," 69,287 "," 181,947 "," 61,780 "," 172,522 "," 43,985 "," 62,292 "," 79,559 "," 46,031 "," 56,225 ",
2019,10월," 2,436,401 "," 99,597 "," 90,633 "," 42,337 "," 162,583 "," 80,325 "," 149,533 "," 90,743 "," 37,368 "," 120,487 "," 41,178 "," 84,805 "," 63,427 "," 172,998 "," 66,500 "," 109,199 "," 114,118 "," 81,067 "," 214,945 "," 74,373 "," 198,192 "," 52,042 "," 72,226 "," 96,110 "," 56,611 "," 65,004 ",
2019,11월," 1,537,269 "," 63,263 "," 56,434 "," 27,127 "," 103,633 "," 50,735 "," 94,562 "," 58,210 "," 25,147 "," 77,250 "," 26,154 "," 56,447 "," 38,068 "," 103,858 "," 45,374 "," 64,726 "," 72,658 "," 50,622 "," 125,400 "," 47,339 "," 122,770 "," 28,882 "," 46,372 "," 71,835 "," 39,795 "," 40,608 ",
2019,12월," 882,078 "," 33,003 "," 31,252 "," 16,056 "," 60,625 "," 29,555 "," 54,592 "," 33,143 "," 15,090 "," 44,926 "," 14,492 "," 33,717 "," 20,183 "," 57,489 "," 27,192 "," 35,848 "," 42,520 "," 30,884 "," 66,561 "," 27,648 "," 69,062 "," 16,540 "," 28,775 "," 45,046 "," 24,814 "," 23,065 ",
2020,소계," 23,705,176 "," 786,869 "," 878,510 "," 462,869 "," 1,992,035 "," 814,483 "," 1,199,629 "," 941,328 "," 407,260 "," 1,293,256 "," 484,542 "," 846,818 "," 605,096 "," 1,506,898 "," 636,249 "," 932,871 "," 1,055,737 "," 755,786 "," 1,775,555 "," 1,043,611 "," 1,962,266 "," 534,614 "," 735,678 "," 861,312 "," 515,547 "," 676,357 ",
2020,1월," 794,162 "," 31,425 "," 28,794 "," 14,685 "," 55,769 "," 27,354 "," 46,806 "," 29,985 "," 13,569 "," 40,907 "," 13,309 "," 29,031 "," 17,621 "," 51,401 "," 24,662 "," 32,906 "," 37,400 "," 26,339 "," 62,838 "," 26,314 "," 61,120 "," 14,922 "," 25,910 "," 39,069 "," 21,269 "," 20,757 ",
2020,2월," 762,274 "," 28,118 "," 27,573 "," 14,045 "," 55,144 "," 25,736 "," 44,438 "," 28,428 "," 13,508 "," 38,612 "," 13,191 "," 28,674 "," 17,559 "," 50,106 "," 23,463 "," 31,467 "," 37,869 "," 25,952 "," 58,522 "," 25,873 "," 60,974 "," 15,034 "," 24,299 "," 34,890 "," 19,295 "," 19,504 ",
2020,3월," 1,533,691 "," 62,294 "," 56,633 "," 28,368 "," 97,814 "," 43,521 "," 92,571 "," 49,778 "," 22,250 "," 73,889 "," 27,426 "," 51,026 "," 38,385 "," 113,164 "," 45,910 "," 68,124 "," 83,267 "," 50,488 "," 129,620 "," 48,429 "," 139,289 "," 37,440 "," 47,694 "," 55,090 "," 31,840 "," 39,381 ",
2020,4월," 2,157,390 "," 79,089 "," 80,282 "," 40,588 "," 147,352 "," 72,250 "," 122,111 "," 79,398 "," 34,376 "," 107,279 "," 40,443 "," 73,068 "," 56,995 "," 150,066 "," 60,971 "," 88,788 "," 110,751 "," 73,609 "," 171,239 "," 76,385 "," 189,809 "," 53,397 "," 67,082 "," 76,206 "," 45,709 "," 60,147 ",
2020,5월," 2,480,330 "," 85,300 "," 98,413 "," 46,437 "," 189,372 "," 80,659 "," 137,381 "," 91,457 "," 38,580 "," 131,647 "," 48,510 "," 84,809 "," 63,909 "," 171,576 "," 65,055 "," 99,605 "," 118,673 "," 80,235 "," 201,732 "," 94,061 "," 218,156 "," 58,950 "," 76,140 "," 78,994 "," 47,586 "," 73,093 ",
2020,6," 2,770,858 "," 92,917 "," 111,707 "," 54,190 "," 232,202 "," 101,037 "," 141,755 "," 110,454 "," 47,921 "," 161,672 "," 54,601 "," 98,045 "," 70,828 "," 182,327 "," 73,480 "," 106,645 "," 118,247 "," 86,821 "," 218,688 "," 110,918 "," 228,966 "," 59,215 "," 84,085 "," 90,942 "," 55,171 "," 78,024 ",
2020,7," 2,582,511 "," 79,215 "," 97,739 "," 54,529 "," 224,989 "," 92,474 "," 125,755 "," 106,632 "," 43,962 "," 157,294 "," 58,440 "," 93,512 "," 67,948 "," 155,016 "," 65,164 "," 101,647 "," 106,238 "," 81,383 "," 185,533 "," 119,958 "," 209,515 "," 58,366 "," 81,942 "," 85,960 "," 52,437 "," 76,863 ",
2020,8," 1,733,973 "," 49,044 "," 60,506 "," 34,284 "," 171,708 "," 64,675 "," 75,041 "," 71,868 "," 30,698 "," 97,402 "," 36,587 "," 64,853 "," 45,512 "," 106,331 "," 48,233 "," 65,085 "," 65,312 "," 55,313 "," 108,905 "," 90,105 "," 141,157 "," 36,749 "," 57,946 "," 65,714 "," 40,395 "," 50,550 ",
2020,9," 2,811,990 "," 88,740 "," 103,580 "," 54,385 "," 254,479 "," 98,112 "," 132,876 "," 117,245 "," 50,109 "," 150,731 "," 60,621 "," 98,739 "," 75,115 "," 178,535 "," 72,844 "," 111,633 "," 124,775 "," 83,043 "," 206,200 "," 137,897 "," 232,127 "," 67,904 "," 86,950 "," 88,233 "," 55,768 "," 81,349 ",
2020,10," 2,891,618 "," 90,042 "," 103,334 "," 56,260 "," 273,741 "," 99,159 "," 129,299 "," 124,572 "," 53,528 "," 155,534 "," 62,326 "," 102,423 "," 75,231 "," 171,927 "," 70,690 "," 110,650 "," 121,776 "," 87,833 "," 210,042 "," 149,191 "," 234,371 "," 67,257 "," 87,493 "," 106,386 "," 64,036 "," 84,517 ",
2020,11," 1,990,070 "," 62,699 "," 67,583 "," 40,720 "," 185,453 "," 68,106 "," 93,748 "," 82,311 "," 36,201 "," 112,302 "," 43,924 "," 76,164 "," 47,616 "," 110,084 "," 51,330 "," 73,085 "," 80,805 "," 65,414 "," 137,197 "," 102,672 "," 153,107 "," 41,341 "," 58,645 "," 89,134 "," 51,631 "," 58,798 ",
2020,12," 1,196,309 "," 37,986 "," 42,366 "," 24,378 "," 104,012 "," 41,400 "," 57,848 "," 49,200 "," 22,558 "," 65,987 "," 25,164 "," 46,474 "," 28,377 "," 66,365 "," 34,447 "," 43,236 "," 50,624 "," 39,356 "," 85,039 "," 61,808 "," 93,675 "," 24,039 "," 37,492 "," 50,694 "," 30,410 "," 33,374 ",
2021,소계," 32,053,367 "," 954,181 "," 1,273,447 "," 576,052 "," 3,274,017 "," 1,030,133 "," 1,490,398 "," 1,219,760 "," 531,780 "," 1,781,410 "," 691,563 "," 1,215,744 "," 737,852 "," 1,811,757 "," 771,283 "," 1,103,508 "," 1,262,852 "," 918,391 "," 2,684,444 "," 1,701,609 "," 2,554,564 "," 730,546 "," 924,908 "," 1,182,889 "," 757,888 "," 872,391 ",
2021,1," 812,021 "," 24,746 "," 26,195 "," 16,140 "," 75,056 "," 27,496 "," 38,393 "," 31,669 "," 13,534 "," 42,031 "," 16,662 "," 33,457 "," 18,987 "," 48,687 "," 23,104 "," 29,517 "," 35,857 "," 26,170 "," 54,843 "," 43,366 "," 64,385 "," 18,239 "," 25,482 "," 35,679 "," 19,510 "," 22,816 ",
2021,2," 1,234,546 "," 38,734 "," 43,287 "," 23,395 "," 108,048 "," 38,485 "," 62,803 "," 46,955 "," 18,451 "," 61,592 "," 25,904 "," 48,879 "," 29,542 "," 75,534 "," 31,805 "," 46,882 "," 57,664 "," 38,516 "," 95,687 "," 61,890 "," 103,044 "," 29,290 "," 36,577 "," 49,249 "," 27,478 "," 34,855 ",
2021,3," 2,184,228 "," 67,403 "," 77,636 "," 40,773 "," 205,076 "," 67,844 "," 109,724 "," 83,905 "," 34,468 "," 110,227 "," 45,446 "," 86,145 "," 53,135 "," 130,787 "," 58,112 "," 80,052 "," 96,034 "," 67,314 "," 174,586 "," 107,903 "," 183,618 "," 50,204 "," 64,372 "," 81,365 "," 47,612 "," 60,487 ",
2021,4," 3,043,238 "," 100,149 "," 110,539 "," 57,238 "," 282,076 "," 97,162 "," 145,509 "," 119,457 "," 52,079 "," 161,408 "," 65,248 "," 113,602 "," 75,183 "," 179,679 "," 74,664 "," 119,083 "," 129,241 "," 90,455 "," 254,196 "," 144,955 "," 249,495 "," 74,046 "," 87,328 "," 109,919 "," 68,185 "," 82,342 ",
2021,5," 2,950,150 "," 89,945 "," 112,181 "," 55,181 "," 289,198 "," 94,537 "," 139,343 "," 112,171 "," 46,718 "," 167,226 "," 65,900 "," 111,375 "," 71,680 "," 173,054 "," 70,227 "," 108,086 "," 119,673 "," 87,494 "," 248,833 "," 151,021 "," 229,619 "," 73,358 "," 85,863 "," 101,060 "," 63,519 "," 82,888 ",
2021,6," 3,460,407 "," 99,707 "," 143,647 "," 63,661 "," 361,535 "," 112,114 "," 154,983 "," 130,692 "," 58,141 "," 200,532 "," 78,774 "," 130,745 "," 80,544 "," 195,800 "," 81,963 "," 116,594 "," 131,121 "," 100,254 "," 294,394 "," 185,528 "," 260,410 "," 77,508 "," 101,832 "," 124,232 "," 82,593 "," 93,103 ",
2021,7," 3,377,277 ",93853,140691," 62,266 "," 356,074 "," 113,685 "," 151,196 "," 128,627 "," 58,702 "," 201,446 "," 77,210 "," 130,815 "," 78,784 "," 180,633 "," 79,976 "," 110,075 "," 124,901 "," 97,886 "," 275,364 "," 184,111 "," 261,627 "," 71,053 "," 99,794 "," 125,350 "," 80,704 "," 92,454 ",
2021,8," 3,245,733 ",93764,131856," 60,019 "," 324,880 "," 108,200 "," 152,961 "," 121,968 "," 52,691 "," 191,040 "," 74,885 "," 124,150 "," 76,143 "," 182,588 "," 77,904 "," 110,132 "," 126,108 "," 95,048 "," 264,359 "," 172,447 "," 255,080 "," 73,576 "," 94,329 "," 116,329 "," 75,921 "," 89,355 ",
2021,9," 3,736,390 ",112887,149651," 65,953 "," 381,710 "," 117,559 "," 173,952 "," 141,001 "," 59,884 "," 209,904 "," 83,079 "," 137,630 "," 87,563 "," 214,228 "," 86,969 "," 130,265 "," 146,971 "," 101,653 "," 322,493 "," 199,699 "," 304,525 "," 91,786 "," 107,214 "," 126,957 "," 82,902 "," 99,955 ",
2021,10," 3,445,677 ",100918,147248," 56,355 "," 371,285 "," 111,050 "," 156,401 "," 131,418 "," 57,955 "," 188,346 "," 69,706 "," 125,319 "," 76,664 "," 191,319 "," 78,422 "," 113,150 "," 129,390 "," 91,327 "," 303,748 "," 189,339 "," 277,512 "," 79,685 "," 96,192 "," 125,707 "," 84,635 "," 92,586 ",
2021,11," 2,737,101 ",79121,113266,45063,302870,85271,122654,103196,46437,149095,54428,103429,55536,146322,65747,85164,100093,74594,238059,152926,218828,57728,75990,111855,75904,73525,
2021,12," 1,826,599 ",52954,77250," 30,008 "," 216,209 "," 56,730 "," 82,479 "," 68,701 "," 32,720 "," 98,563 "," 34,321 "," 70,198 "," 34,091 "," 93,126 "," 42,390 "," 54,508 "," 65,799 "," 47,680 "," 157,882 "," 108,424 "," 146,421 "," 34,073 "," 49,935 "," 75,187 "," 48,925 "," 48,025 ",
2022,소계," 40,948,900 "," 1,212,908 "," 1,785,324 "," 610,968 "," 4,600,475 "," 1,122,897 "," 1,962,996 "," 1,549,106 "," 691,853 "," 2,351,491 "," 823,487 "," 1,448,600 "," 872,313 "," 2,189,600 "," 868,545 "," 1,271,358 "," 1,574,521 "," 1,034,224 "," 3,791,531 "," 2,346,749 "," 3,330,749 "," 872,746 "," 1,075,434 "," 1,447,846 "," 957,034 "," 1,156,133 ",
2022,1," 1,419,748 "," 41,490 "," 60,059 "," 23,027 "," 165,087 "," 43,403 "," 66,763 "," 53,498 "," 25,930 "," 77,979 "," 27,634 "," 54,238 "," 25,649 "," 73,015 "," 33,112 "," 42,499 "," 51,176 "," 36,290 "," 124,892 "," 86,519 "," 111,601 "," 25,530 "," 38,264 "," 57,387 "," 36,395 "," 38,311 ",
2022,2," 1,349,260 "," 41,220 "," 56,938 "," 22,030 "," 148,814 "," 41,588 "," 64,910 "," 50,818 "," 24,001 "," 74,468 "," 26,956 "," 49,314 "," 26,190 "," 69,332 "," 31,752 "," 41,856 "," 49,868 "," 33,972 "," 120,979 "," 77,746 "," 107,347 "," 26,038 "," 36,306 "," 54,768 "," 34,657 "," 37,392 ",
2022,3," 2,423,559 "," 76,218 "," 98,634 "," 38,516 "," 251,077 "," 69,498 "," 119,354 "," 88,345 "," 40,059 "," 138,431 "," 50,048 "," 92,763 "," 48,283 "," 136,566 "," 57,539 "," 76,278 "," 97,244 "," 68,450 "," 216,601 "," 128,297 "," 194,601 "," 52,223 "," 63,080 "," 94,931 "," 60,586 "," 65,937 ",
2022,4," 3,990,009 "," 125,567 "," 164,016 "," 61,015 "," 394,535 "," 115,782 "," 200,639 "," 143,436 "," 62,855 "," 223,595 "," 79,863 "," 144,994 "," 85,291 "," 229,861 "," 90,510 "," 134,680 "," 166,466 "," 105,708 "," 378,835 "," 201,132 "," 336,702 "," 92,477 "," 104,567 "," 144,630 "," 93,831 "," 109,020 ", 2 
2022,5," 4,962,202 "," 148,721 "," 210,884 "," 76,051 "," 526,926 "," 144,160 "," 244,966 "," 183,406 "," 80,355 "," 287,424 "," 100,779 "," 181,893 "," 107,726 "," 281,843 "," 107,723 "," 156,936 "," 194,904 "," 130,138 "," 471,197 "," 262,653 "," 396,770 "," 115,559 "," 127,994 "," 168,609 "," 110,437 "," 144,147 ", 1 
2022,6," 4,256,318 "," 123,788 "," 189,797 "," 63,811 "," 483,160 "," 121,648 "," 203,169 "," 162,744 "," 71,276 "," 244,227 "," 89,032 "," 150,356 "," 91,601 "," 230,737 "," 89,937 "," 127,673 "," 159,409 "," 109,648 "," 397,576 "," 248,598 "," 337,700 "," 94,600 "," 111,658 "," 137,459 "," 93,967 "," 122,747 ",
2022,7," 4,101,127 "," 115,823 "," 181,247 "," 60,469 "," 481,296 "," 117,368 "," 187,867 "," 157,469 "," 70,110 "," 239,757 "," 85,704 "," 141,073 "," 88,810 "," 213,887 "," 85,481 "," 123,738 "," 151,461 "," 101,748 "," 370,068 "," 247,949 "," 329,403 "," 86,199 "," 109,105 "," 141,682 "," 96,119 "," 117,294 ",
2022,8," 3,620,587 "," 105,581 "," 160,338 "," 54,908 "," 411,483 "," 93,954 "," 171,607 "," 132,586 "," 59,394 "," 210,852 "," 74,531 "," 124,166 "," 80,856 "," 192,842 "," 75,515 "," 113,936 "," 136,086 "," 89,153 "," 330,069 "," 213,508 "," 295,751 "," 79,267 "," 97,824 "," 129,702 "," 84,481 "," 102,195 ", 2 
2022,9," 4,760,532 "," 142,928 "," 210,906 "," 69,420 "," 530,709 "," 120,551 "," 233,462 "," 179,529 "," 77,887 "," 277,332 "," 96,895 "," 164,197 "," 106,377 "," 253,501 "," 95,762 "," 156,903 "," 185,829 "," 119,193 "," 441,644 "," 273,142 "," 392,621 "," 103,194 "," 125,996 "," 159,765 "," 106,609 "," 136,180 ",
2022,10," 4,470,272 "," 128,646 "," 198,788 "," 64,792 "," 525,380 "," 113,200 "," 208,361 "," 175,761 "," 78,077 "," 259,820 "," 88,474 "," 151,123 "," 97,653 "," 235,602 "," 88,948 "," 135,139 "," 170,043 "," 108,625 "," 419,617 "," 263,700 "," 366,984 "," 95,075 "," 117,382 "," 151,903 "," 100,791 "," 126,385 ",3
2022,11," 3,838,569 "," 114,914 "," 175,238 "," 52,961 "," 455,156 "," 98,527 "," 180,310 "," 152,841 "," 69,627 "," 218,894 "," 71,574 "," 131,516 "," 80,128 "," 189,759 "," 77,157 "," 114,234 "," 145,325 "," 91,303 "," 359,190 "," 228,158 "," 315,632 "," 72,645 "," 97,903 "," 142,102 "," 95,356 "," 108,117 ",2
2022,12," 1,756,717 "," 48,012 "," 78,479 "," 23,968 "," 226,852 "," 43,218 "," 81,588 "," 68,673 "," 32,282 "," 98,712 "," 31,997 "," 62,967 "," 33,749 "," 82,655 "," 35,109 "," 47,486 "," 66,710 "," 39,996 "," 160,863 "," 115,347 "," 145,637 "," 29,939 "," 45,355 "," 64,908 "," 43,805 "," 48,408 ",2
2023,소계," 16,723,496 "," 525,055 "," 717,521 "," 260,627 "," 1,859,572 "," 414,884 "," 820,720 "," 658,422 "," 286,036 "," 1,011,936 "," 346,221 "," 599,641 "," 343,460 "," 841,789 "," 340,868 "," 501,267 "," 679,376 "," 410,362 "," 1,579,209 "," 938,128 "," 1,356,173 "," 343,033 "," 419,072 "," 586,812 "," 403,478 "," 479,814 ",
2023,1," 1,571,452 "," 45,701 "," 67,421 "," 23,731 "," 199,292 "," 40,488 "," 72,160 "," 62,254 "," 28,941 "," 89,191 "," 30,441 "," 54,909 "," 30,536 "," 73,979 "," 31,629 "," 44,201 "," 61,224 "," 34,700 "," 141,523 "," 101,331 "," 129,692 "," 27,554 "," 40,348 "," 58,242 "," 39,497 "," 42,461 ",6
2023,2," 2,231,519 "," 69,050 "," 97,236 "," 35,716 "," 259,264 "," 55,675 "," 104,386 "," 86,871 "," 39,646 "," 132,046 "," 45,932 "," 79,114 "," 43,787 "," 106,605 "," 45,707 "," 65,663 "," 89,663 "," 52,165 "," 207,947 "," 134,064 "," 180,899 "," 41,594 "," 56,461 "," 82,822 "," 57,613 "," 61,579 ",14
2023,3," 3,885,535 "," 118,124 "," 165,939 "," 61,826 "," 415,514 "," 92,271 "," 198,583 "," 150,880 "," 64,623 "," 234,956 "," 79,453 "," 142,527 "," 79,771 "," 202,678 "," 82,378 "," 111,942 "," 163,256 "," 98,213 "," 378,989 "," 211,210 "," 314,494 "," 79,212 "," 97,676 "," 136,506 "," 93,760 "," 110,754 ",
2023,4," 4,082,096 "," 134,028 "," 177,915 "," 64,254 "," 429,349 "," 101,770 "," 203,428 "," 162,204 "," 67,435 "," 248,641 "," 86,424 "," 143,867 "," 85,121 "," 209,009 "," 82,393 "," 126,749 "," 168,227 "," 101,256 "," 395,976 "," 221,047 "," 330,534 "," 87,634 "," 102,882 "," 139,873 "," 95,113 "," 116,967 ",
2023,5," 4,952,894 "," 158,152 "," 209,010 "," 75,100 "," 556,153 "," 124,680 "," 242,163 "," 196,213 "," 85,391 "," 307,102 "," 103,971 "," 179,224 "," 104,245 "," 249,518 "," 98,761 "," 152,712 "," 197,006 "," 124,028 "," 454,774 "," 270,476 "," 400,554 "," 107,039 "," 121,705 "," 169,369 "," 117,495 "," 148,053 ",
2023,6,,,,,,,,,,,,,,,,,,,,,,,,,,,
2023,7,,,,,,,,,,,,,,,,,,,,,,,,,,,
2023,8,,,,,,,,,,,,,,,,,,,,,,,,,,,
2023,9,,,,,,,,,,,,,,,,,,,,,,,,,,,
2023,10,,,,,,,,,,,,,,,,,,,,,,,,,,,
2023,11,,,,,,,,,,,,,,,,,,,,,,,,,,,
2023,12,,,,,,,,,,,,,,,,,,,,,,,,,,,
